일시,기온,풍속,습도
2006-07-10 08:00,24.3,2.0,85.0
2006-07-10 09:00,24.6,1.5,83.0
2006-07-10 10:00,25.4,1.6,79.0
2006-07-10 11:00,25.4,0.9,82.0
2006-07-10 12:00,25.3,0.8,81.0
2006-07-10 13:00,23.8,2.0,87.0
2006-07-10 14:00,23.0,1.0,85.0
2006-07-10 15:00,22.8,1.9,85.0
2006-07-10 16:00,23.3,3.3,79.0
2006-07-10 17:00,23.5,3.9,76.0
2006-07-10 18:00,23.6,2.9,75.0
2006-07-10 19:00,23.4,0.9,78.0
2006-07-10 20:00,23.0,0.6,81.0
2006-07-10 21:00,22.8,2.6,81.0
2006-07-10 22:00,22.5,0.0,85.0
2006-07-10 23:00,22.1,0.6,89.0
2006-07-11 00:00,21.7,0.7,90.0
2006-07-11 01:00,21.5,0.9,91.0
2006-07-11 02:00,21.6,0.2,91.0
2006-07-11 03:00,21.8,1.2,85.0
2006-07-11 04:00,21.7,2.6,83.0
2006-07-11 05:00,21.7,2.1,82.0
2006-07-11 06:00,21.7,0.7,84.0
2006-07-11 07:00,22.4,1.0,81.0
2006-07-11 08:00,23.5,1.4,78.0
2006-07-11 09:00,24.1,1.2,76.0
2006-07-11 10:00,25.7,1.9,67.0
2006-07-11 11:00,27.2,1.4,61.0
2006-07-11 12:00,27.8,1.2,62.0
2006-07-11 13:00,27.8,2.8,61.0
2006-07-11 14:00,28.0,2.5,61.0
2006-07-11 15:00,28.0,2.4,63.0
2006-07-11 16:00,28.0,2.1,63.0
2006-07-11 17:00,27.3,2.0,67.0
2006-07-11 18:00,26.9,1.9,68.0
2006-07-11 19:00,26.5,0.9,73.0
2006-07-11 20:00,26.0,1.1,75.0
2006-07-11 21:00,25.2,0.3,82.0
2006-07-11 22:00,24.2,0.9,87.0
2006-07-11 23:00,23.8,0.3,88.0
2006-07-12 00:00,23.8,0.0,87.0
2006-07-12 01:00,23.5,0.0,90.0
2006-07-12 02:00,23.2,0.0,91.0
2006-07-12 03:00,23.1,0.0,91.0
2006-07-12 04:00,23.0,0.0,91.0
2006-07-12 05:00,23.0,0.4,91.0
2006-07-12 06:00,23.0,0.4,91.0
2006-07-12 07:00,23.1,0.1,92.0
2006-07-12 08:00,22.9,0.9,92.0
2006-07-12 09:00,23.0,1.2,92.0
2006-07-12 10:00,23.1,0.1,92.0
2006-07-12 11:00,22.8,1.0,92.0
2006-07-12 12:00,22.4,2.0,92.0
2006-07-12 13:00,22.2,0.7,92.0
2006-07-12 14:00,22.1,1.1,92.0
2006-07-12 15:00,22.4,1.1,92.0
2006-07-12 16:00,22.2,2.4,92.0
2006-07-12 17:00,22.2,0.8,92.0
2006-07-12 18:00,22.2,0.0,92.0
2006-07-12 19:00,22.3,0.0,92.0
2006-07-12 20:00,22.4,0.1,92.0
2006-07-12 21:00,22.3,0.0,92.0
2006-07-12 22:00,22.3,0.0,92.0
2006-07-12 23:00,22.5,0.4,92.0
2006-07-13 00:00,22.5,0.4,92.0
2006-07-13 01:00,22.7,0.0,92.0
2006-07-13 02:00,22.8,0.6,92.0
2006-07-13 03:00,23.0,0.3,92.0
2006-07-13 04:00,23.1,0.3,92.0
2006-07-13 05:00,24.2,2.1,92.0
2006-07-13 06:00,24.2,1.2,92.0
2006-07-13 07:00,24.1,2.0,92.0
2006-07-13 08:00,24.3,1.9,92.0
2006-07-13 09:00,24.9,2.1,91.0
2006-07-13 10:00,25.7,1.2,85.0
2006-07-13 11:00,25.2,1.8,87.0
2006-07-13 12:00,26.8,0.7,82.0
2006-07-13 13:00,28.4,1.6,73.0
2006-07-13 14:00,26.7,1.5,86.0
2006-07-13 15:00,27.1,1.4,81.0
2006-07-13 16:00,27.2,1.8,82.0
2006-07-13 17:00,28.1,0.8,75.0
2006-07-13 18:00,28.5,2.2,72.0
2006-07-13 19:00,28.0,1.3,75.0
2006-07-13 20:00,27.5,1.2,79.0
2006-07-13 21:00,26.2,0.8,87.0
2006-07-13 22:00,26.0,0.1,88.0
2006-07-13 23:00,25.4,0.2,90.0
2006-07-14 00:00,24.9,0.1,91.0
2006-07-14 01:00,24.7,0.1,91.0
2006-07-14 02:00,24.1,0.0,92.0
2006-07-14 03:00,23.8,0.6,92.0
2006-07-14 04:00,23.8,0.6,92.0
2006-07-14 05:00,23.8,0.0,92.0
2006-07-14 06:00,23.9,0.4,92.0
2006-07-14 07:00,24.0,0.6,92.0
2006-07-14 08:00,24.6,0.0,92.0
2006-07-14 09:00,25.4,0.0,90.0
2006-07-14 10:00,25.7,0.7,90.0
2006-07-14 11:00,26.3,0.3,88.0
2006-07-14 12:00,26.3,1.9,86.0
2006-07-14 13:00,28.1,1.2,79.0
2006-07-14 14:00,28.4,1.4,76.0
2006-07-14 15:00,29.4,2.3,67.0
2006-07-14 16:00,28.9,1.1,73.0
2006-07-14 17:00,29.0,0.3,75.0
2006-07-14 18:00,26.8,1.3,86.0
2006-07-14 19:00,25.0,1.6,82.0
2006-07-14 20:00,24.2,1.1,84.0
2006-07-14 21:00,23.6,1.1,85.0
2006-07-14 22:00,23.1,0.8,88.0
2006-07-14 23:00,23.0,0.1,89.0
2006-07-15 00:00,23.0,0.2,90.0
2006-07-15 01:00,23.0,0.8,90.0
2006-07-15 02:00,23.0,0.1,91.0
2006-07-15 03:00,23.0,0.5,91.0
2006-07-15 04:00,24.4,2.2,91.0
2006-07-15 05:00,24.7,2.8,91.0
2006-07-15 06:00,25.5,2.8,86.0
2006-07-15 07:00,25.9,2.1,85.0
2006-07-15 08:00,26.1,2.1,83.0
2006-07-15 09:00,26.7,2.8,80.0
2006-07-15 10:00,25.5,3.1,88.0
2006-07-15 11:00,24.7,2.5,90.0
2006-07-15 12:00,24.2,1.8,91.0
2006-07-15 13:00,21.9,3.5,87.0
2006-07-15 14:00,21.2,3.5,90.0
2006-07-15 15:00,21.3,2.3,90.0
2006-07-15 16:00,21.2,1.9,90.0
2006-07-15 17:00,21.5,1.9,87.0
2006-07-15 18:00,21.6,1.8,86.0
2006-07-15 19:00,21.4,0.3,87.0
2006-07-15 20:00,21.2,0.0,90.0
2006-07-15 21:00,21.1,0.2,90.0
2006-07-15 22:00,20.9,0.3,91.0
2006-07-15 23:00,20.9,0.2,92.0
2006-07-16 00:00,20.6,0.8,92.0
2006-07-16 01:00,20.5,1.2,92.0
2006-07-16 02:00,19.7,1.7,91.0
2006-07-16 03:00,19.2,0.8,92.0
2006-07-16 04:00,18.8,2.0,92.0
2006-07-16 05:00,18.5,1.3,92.0
2006-07-16 06:00,18.4,1.6,92.0
2006-07-16 07:00,18.5,0.9,92.0
2006-07-16 08:00,18.4,1.3,92.0
2006-07-16 09:00,18.2,0.2,92.0
2006-07-16 10:00,18.1,0.6,92.0
2006-07-16 11:00,18.1,0.4,92.0
2006-07-16 12:00,18.3,1.2,92.0
2006-07-16 13:00,18.4,0.0,91.0
2006-07-16 14:00,18.4,0.0,91.0
2006-07-16 15:00,19.0,0.2,90.0
2006-07-16 16:00,18.9,0.4,90.0
2006-07-16 17:00,19.0,0.0,89.0
2006-07-16 18:00,19.1,0.0,89.0
2006-07-16 19:00,19.2,0.0,90.0
2006-07-16 20:00,19.1,0.0,91.0
2006-07-16 21:00,19.0,0.2,91.0
2006-07-16 22:00,18.8,0.7,92.0
2006-07-16 23:00,18.7,0.0,92.0
2006-07-17 00:00,18.7,0.4,92.0
2006-07-17 01:00,18.7,0.0,92.0
2006-07-17 02:00,18.7,0.0,92.0
2006-07-17 03:00,18.6,0.0,92.0
2006-07-17 04:00,18.5,0.0,92.0
2006-07-17 05:00,18.6,0.3,92.0
2006-07-17 06:00,18.6,0.0,93.0
2006-07-17 07:00,18.6,0.7,93.0
2006-07-17 08:00,18.8,0.0,93.0
2006-07-17 09:00,19.0,0.7,92.0
2006-07-17 10:00,19.1,0.0,92.0
2006-07-17 11:00,19.5,0.0,88.0
2006-07-17 12:00,20.4,0.0,85.0
2006-07-17 13:00,20.4,0.5,86.0
2006-07-17 14:00,20.5,0.5,84.0
2006-07-17 15:00,20.5,0.6,86.0
2006-07-17 16:00,20.6,0.0,84.0
2006-07-17 17:00,20.7,0.5,85.0
2006-07-17 18:00,20.5,0.1,87.0
2006-07-17 19:00,20.1,0.2,90.0
2006-07-17 20:00,19.5,0.3,91.0
2006-07-17 21:00,19.4,0.1,91.0
2006-07-17 22:00,19.2,0.0,92.0
2006-07-17 23:00,19.0,0.0,92.0
2006-07-18 00:00,18.9,0.0,92.0
2006-07-18 01:00,18.7,0.0,92.0
2006-07-18 02:00,18.6,0.4,92.0
2006-07-18 03:00,18.5,0.1,93.0
2006-07-18 04:00,18.4,0.2,93.0
2006-07-18 05:00,18.3,1.3,93.0
2006-07-18 06:00,18.2,0.6,92.0
2006-07-18 07:00,18.0,1.3,92.0
2006-07-18 08:00,18.5,1.2,92.0
2006-07-18 09:00,19.0,1.2,90.0
2006-07-18 10:00,20.1,1.8,83.0
2006-07-18 11:00,20.2,1.9,85.0
2006-07-18 12:00,20.6,2.1,83.0
2006-07-18 13:00,21.3,1.8,81.0
2006-07-18 14:00,21.0,1.8,86.0
2006-07-18 15:00,21.2,1.3,86.0
2006-07-18 16:00,20.9,2.2,88.0
2006-07-18 17:00,20.9,0.5,87.0
2006-07-18 18:00,20.4,1.4,89.0
2006-07-18 19:00,19.8,2.0,90.0
2006-07-18 20:00,19.5,1.2,91.0
2006-07-18 21:00,19.3,1.0,92.0
2006-07-18 22:00,19.1,1.6,92.0
2006-07-18 23:00,19.0,1.2,92.0
2006-07-19 00:00,18.9,1.2,91.0
2006-07-19 01:00,18.9,0.6,91.0
2006-07-19 02:00,18.7,1.7,91.0
2006-07-19 03:00,18.7,0.7,92.0
2006-07-19 04:00,18.7,0.1,92.0
2006-07-19 05:00,18.7,0.0,91.0
2006-07-19 06:00,18.7,0.0,92.0
2006-07-19 07:00,19.2,0.4,91.0
2006-07-19 08:00,20.5,1.3,81.0
2006-07-19 09:00,21.5,1.7,79.0
2006-07-19 10:00,22.9,1.5,72.0
2006-07-19 11:00,24.2,2.0,66.0
2006-07-19 12:00,25.9,2.1,60.0
2006-07-19 13:00,26.8,1.9,60.0
2006-07-19 14:00,26.8,1.2,56.0
2006-07-19 15:00,26.3,1.6,64.0
2006-07-19 16:00,25.6,2.4,63.0
2006-07-19 17:00,24.8,1.7,64.0
2006-07-26 00:00,22.9,0.1,88.0
2006-07-26 01:00,22.3,0.6,90.0
2006-07-26 02:00,22.4,0.3,90.0
2006-07-26 03:00,22.0,0.0,91.0
2006-07-26 04:00,21.9,0.7,92.0
2006-07-26 05:00,21.7,1.0,92.0
2006-07-26 06:00,21.2,0.2,90.0
2006-07-26 07:00,21.2,0.1,91.0
2006-07-26 08:00,21.2,1.8,90.0
2006-07-26 09:00,21.4,1.0,90.0
2006-07-26 10:00,21.8,2.3,89.0
2006-07-26 11:00,22.5,0.5,83.0
2006-07-26 12:00,22.7,1.0,84.0
2006-07-26 13:00,23.7,1.0,76.0
2006-07-26 14:00,24.5,0.7,71.0
2006-07-26 15:00,24.8,0.4,71.0
2006-07-26 16:00,24.3,1.4,75.0
2006-07-26 17:00,24.2,0.5,75.0
2006-07-26 18:00,23.6,1.2,77.0
2006-07-26 19:00,23.2,0.7,81.0
2006-07-26 20:00,22.4,0.5,87.0
2006-07-26 21:00,22.0,1.8,90.0
2006-07-26 22:00,21.9,0.7,90.0
2006-07-26 23:00,21.7,0.6,90.0
2006-07-27 00:00,21.8,0.0,90.0
2006-07-27 01:00,21.4,0.4,90.0
2006-07-27 02:00,21.2,1.5,90.0
2006-07-27 03:00,21.3,0.4,91.0
2006-07-27 04:00,21.1,0.4,91.0
2006-07-27 05:00,20.9,0.5,91.0
2006-07-27 06:00,21.1,0.1,91.0
2006-07-27 07:00,21.2,1.2,92.0
2006-07-27 08:00,21.3,0.6,92.0
2006-07-27 09:00,21.1,1.4,92.0
2006-07-27 10:00,21.0,2.0,92.0
2006-07-27 11:00,21.1,2.6,92.0
2006-07-27 12:00,21.1,1.6,92.0
2006-07-27 13:00,21.1,3.2,92.0
2006-07-27 14:00,20.8,2.5,91.0
2006-07-27 15:00,20.4,2.3,92.0
2006-07-27 16:00,20.3,0.8,92.0
2006-07-27 17:00,20.2,0.5,92.0
2006-07-27 18:00,20.4,0.0,92.0
2006-07-27 19:00,20.3,1.3,91.0
2006-07-27 20:00,20.3,0.0,92.0
2006-07-27 21:00,20.1,0.2,92.0
2006-07-27 22:00,20.1,0.3,92.0
2006-07-27 23:00,20.0,1.5,92.0
2006-07-28 00:00,20.0,0.0,92.0
2006-07-28 01:00,20.2,0.0,92.0
2006-07-28 02:00,20.0,0.0,92.0
2006-07-28 03:00,20.1,0.0,92.0
2006-07-28 04:00,20.0,0.9,92.0
2006-07-28 05:00,20.1,0.0,92.0
2006-07-28 06:00,20.0,0.5,92.0
2006-07-28 07:00,20.2,0.0,92.0
2006-07-28 08:00,20.8,0.0,92.0
2006-07-28 09:00,20.9,1.1,91.0
2006-07-28 10:00,21.1,0.0,90.0
2006-07-28 11:00,21.5,0.1,90.0
2006-07-28 12:00,21.8,0.0,89.0
2006-07-28 13:00,22.4,0.0,88.0
2006-07-28 14:00,23.3,0.0,84.0
2006-07-28 15:00,24.0,0.2,83.0
2006-07-28 16:00,24.0,1.4,82.0
2006-07-28 17:00,23.2,2.0,87.0
2006-07-28 18:00,22.7,0.4,91.0
2006-07-28 19:00,22.5,0.0,92.0
2006-07-28 20:00,22.2,0.0,92.0
2006-07-28 21:00,22.0,0.5,92.0
2006-07-28 22:00,22.0,1.3,92.0
2006-07-28 23:00,21.8,0.0,92.0
2006-07-29 00:00,21.7,0.1,92.0
2006-07-29 01:00,21.5,0.0,92.0
2006-07-29 02:00,21.4,0.0,92.0
2006-07-29 03:00,21.5,0.0,92.0
2006-07-29 04:00,21.5,0.0,93.0
2006-07-29 05:00,21.5,0.0,93.0
2006-07-29 06:00,21.4,0.0,93.0
2006-07-29 07:00,21.6,0.0,93.0
2006-07-29 08:00,21.8,0.2,93.0
2006-07-29 09:00,22.6,0.0,92.0
2006-07-29 10:00,23.1,0.0,90.0
2006-07-29 11:00,24.3,0.0,85.0
2006-07-29 12:00,25.3,0.0,81.0
2006-07-29 13:00,26.8,0.3,75.0
2006-07-29 14:00,27.9,1.3,74.0
2006-07-29 15:00,29.4,1.6,67.0
2006-07-29 16:00,29.8,1.4,66.0
2006-07-29 17:00,29.4,1.8,69.0
2006-07-29 18:00,28.5,1.4,74.0
2006-07-29 19:00,27.7,1.8,77.0
2006-07-29 20:00,27.0,1.9,79.0
2006-07-29 21:00,26.4,1.5,81.0
2006-07-29 22:00,25.1,0.4,89.0
2006-07-29 23:00,24.7,0.6,89.0
2006-07-30 00:00,24.3,0.5,91.0
2006-07-30 01:00,23.6,0.0,91.0
2006-07-30 02:00,23.3,0.0,92.0
2006-07-30 03:00,23.0,0.0,92.0
2007-08-03 17:00,31.1,0.7,66.0
2007-08-03 18:00,27.1,2.9,89.0
2007-08-03 19:00,25.0,0.8,97.0
2007-08-03 20:00,25.0,0.7,97.0
2007-08-03 21:00,24.5,0.8,98.0
2007-08-03 22:00,24.3,0.3,98.0
2007-08-03 23:00,24.5,0.0,98.0
2007-08-04 00:00,24.3,0.0,98.0
2007-08-04 01:00,24.5,0.0,98.0
2007-08-04 02:00,24.3,0.0,98.0
2007-08-04 03:00,24.3,0.0,98.0
2007-08-04 04:00,24.2,0.1,98.0
2007-08-04 05:00,24.3,0.0,98.0
2007-08-04 06:00,24.3,1.2,98.0
2007-08-04 07:00,24.7,0.2,98.0
2007-08-04 08:00,24.7,0.7,98.0
2007-08-04 09:00,25.2,0.7,98.0
2007-08-04 10:00,25.5,0.3,95.0
2007-08-04 11:00,25.2,1.8,94.0
2007-08-04 12:00,25.6,1.5,92.0
2007-08-04 13:00,24.6,1.5,98.0
2007-08-04 14:00,24.7,0.7,95.0
2007-08-04 15:00,24.6,1.0,92.0
2007-08-04 16:00,24.6,1.0,88.0
2007-08-04 17:00,24.3,0.3,87.0
2007-08-04 18:00,24.3,0.3,85.0
2007-08-04 19:00,23.8,0.6,94.0
2007-08-04 20:00,23.2,0.1,98.0
2007-08-04 21:00,23.2,0.1,98.0
2007-08-04 22:00,23.0,0.0,98.0
2007-08-04 23:00,23.1,0.3,98.0
2007-08-05 00:00,23.1,0.1,98.0
2007-08-05 01:00,23.2,0.0,98.0
2007-08-05 02:00,23.2,0.5,98.0
2007-08-05 03:00,22.7,0.2,98.0
2007-08-05 04:00,22.7,0.1,98.0
2007-08-05 05:00,22.7,0.0,98.0
2007-08-05 06:00,22.5,0.0,98.0
2007-08-05 07:00,22.7,0.1,98.0
2007-08-05 08:00,23.2,0.1,98.0
2007-08-05 09:00,24.1,0.6,91.0
2007-08-05 10:00,24.8,0.6,86.0
2007-08-05 11:00,25.7,0.6,82.0
2007-08-05 12:00,26.0,2.0,82.0
2007-08-05 13:00,26.2,0.8,77.0
2007-08-05 14:00,26.6,1.9,78.0
2007-08-05 15:00,26.2,1.3,83.0
2007-08-05 16:00,26.2,1.0,79.0
2007-08-05 17:00,26.2,0.9,79.0
2007-08-05 18:00,26.3,0.1,81.0
2007-08-05 19:00,26.2,0.2,80.0
2007-08-05 20:00,25.2,0.2,92.0
2007-08-05 21:00,25.0,0.4,91.0
2007-08-05 22:00,24.2,0.1,95.0
2007-08-05 23:00,24.0,0.0,96.0
2007-08-06 00:00,23.7,0.0,97.0
2007-08-06 01:00,23.5,0.0,97.0
2007-08-06 02:00,23.3,0.0,97.0
2007-08-06 03:00,23.2,0.1,98.0
2007-08-06 04:00,23.2,0.3,98.0
2007-08-06 05:00,23.2,0.1,98.0
2007-08-06 06:00,23.2,0.0,98.0
2007-08-06 07:00,23.5,0.2,98.0
2007-08-06 08:00,24.0,0.0,95.0
2007-08-06 09:00,24.7,0.0,91.0
2007-08-06 10:00,26.2,0.7,80.0
2007-08-06 11:00,27.3,0.3,78.0
2007-08-06 12:00,27.2,1.5,79.0
2007-08-06 13:00,27.2,2.5,76.0
2007-08-06 14:00,26.6,2.4,75.0
2007-08-06 15:00,26.8,2.2,73.0
2007-08-06 16:00,27.7,1.8,69.0
2007-08-06 17:00,27.6,2.3,70.0
2007-08-06 18:00,27.5,1.0,70.0
2007-08-06 19:00,26.7,1.4,73.0
2007-08-06 20:00,25.8,0.6,76.0
2007-08-06 21:00,24.5,0.4,86.0
2007-08-06 22:00,23.3,0.0,92.0
2007-08-06 23:00,22.6,0.0,96.0
2007-08-07 00:00,22.2,0.1,97.0
2007-08-07 01:00,22.0,0.0,97.0
2007-09-14 15:00,24.8,2.4,57.0
2007-09-14 16:00,24.2,1.8,56.0
2007-09-14 17:00,23.3,1.7,60.0
2007-09-14 18:00,20.7,0.7,83.0
2007-09-14 19:00,19.0,1.5,93.0
2007-09-14 20:00,18.2,2.2,94.0
2007-09-14 21:00,18.1,1.9,96.0
2007-09-14 22:00,17.8,0.8,96.0
2007-09-14 23:00,17.7,1.6,96.0
2007-09-15 00:00,17.6,1.4,97.0
2007-09-15 01:00,17.5,1.8,97.0
2007-09-15 02:00,17.7,2.8,96.0
2007-09-15 03:00,17.5,2.8,96.0
2007-09-15 04:00,17.6,0.8,96.0
2007-09-15 05:00,17.5,2.1,96.0
2007-09-15 06:00,17.6,1.9,97.0
2007-09-15 07:00,17.7,1.2,97.0
2007-09-15 08:00,17.7,0.0,97.0
2007-09-15 09:00,18.2,0.0,96.0
2007-09-15 10:00,18.8,1.0,93.0
2007-09-15 11:00,19.7,0.4,90.0
2007-09-15 12:00,21.8,0.6,77.0
2007-09-15 13:00,22.6,1.0,76.0
2007-09-15 14:00,23.2,1.8,74.0
2007-09-15 15:00,23.3,0.8,72.0
2007-09-15 16:00,23.7,0.8,72.0
2007-09-15 17:00,23.8,0.9,72.0
2007-09-15 18:00,23.6,0.0,74.0
2007-09-15 19:00,22.6,0.3,87.0
2007-09-15 20:00,21.7,0.3,90.0
2007-09-15 21:00,21.7,0.3,88.0
2007-09-15 22:00,21.2,0.6,84.0
2007-09-15 23:00,20.8,0.9,80.0
2007-09-16 00:00,20.2,1.9,90.0
2008-07-23 21:00,23.2,0.0,91.0
2008-07-23 22:00,22.7,0.6,92.0
2008-07-23 23:00,22.4,0.5,92.0
2008-07-24 00:00,22.1,0.0,92.0
2008-07-24 01:00,21.9,1.8,92.0
2008-07-24 02:00,21.6,1.8,93.0
2008-07-24 03:00,20.7,2.3,95.0
2008-07-24 04:00,20.9,2.1,95.0
2008-07-24 05:00,20.8,0.2,95.0
2008-07-24 06:00,20.8,3.1,95.0
2008-07-24 07:00,20.6,1.1,95.0
2008-07-24 08:00,20.8,2.0,95.0
2008-07-24 09:00,20.9,0.9,95.0
2008-07-24 10:00,21.1,0.3,95.0
2008-07-24 11:00,21.3,0.6,94.0
2008-07-24 12:00,21.7,1.2,93.0
2008-07-24 13:00,21.6,1.5,93.0
2008-07-24 14:00,21.5,2.0,95.0
2008-07-24 15:00,21.6,0.8,95.0
2008-07-24 16:00,21.4,1.2,94.0
2008-07-24 17:00,21.6,3.6,95.0
2008-07-24 18:00,21.6,2.5,95.0
2008-07-24 19:00,21.6,1.3,95.0
2008-07-24 20:00,21.6,0.6,95.0
2008-07-24 21:00,21.6,0.1,95.0
2008-07-24 22:00,21.5,0.1,95.0
2008-07-24 23:00,21.5,0.0,95.0
2008-07-25 00:00,21.5,0.2,95.0
2008-07-25 01:00,21.3,0.8,95.0
2008-07-25 02:00,21.2,0.1,95.0
2008-07-25 03:00,21.2,1.7,95.0
2008-07-25 04:00,21.2,0.7,95.0
2008-07-25 05:00,21.2,1.4,95.0
2008-07-25 06:00,21.2,1.2,95.0
2008-07-25 07:00,21.3,0.6,95.0
2008-07-25 08:00,22.0,0.3,93.0
2008-07-25 09:00,23.6,0.9,81.0
2008-07-25 10:00,23.5,1.5,86.0
2008-07-25 11:00,25.0,1.6,77.0
2008-07-25 12:00,25.8,1.3,73.0
2008-07-25 13:00,25.5,0.4,76.0
2008-07-25 14:00,24.2,1.5,88.0
2008-07-25 15:00,23.8,2.2,88.0
2008-07-25 16:00,24.2,2.3,85.0
2008-07-25 17:00,24.7,2.6,81.0
2008-07-25 18:00,24.4,0.9,77.0
2008-07-25 19:00,23.5,2.0,84.0
2008-07-25 20:00,23.2,1.8,84.0
2008-07-25 21:00,23.7,1.6,78.0
2008-07-25 22:00,23.7,1.5,77.0
2008-07-25 23:00,24.0,2.0,74.0
2008-07-26 00:00,22.8,1.5,84.0
2008-07-26 01:00,22.5,2.2,85.0
2008-07-26 02:00,22.4,1.8,84.0
2008-07-26 03:00,22.2,1.8,85.0
2008-07-26 04:00,21.3,2.5,91.0
2008-07-26 05:00,21.2,3.6,90.0
2008-07-26 06:00,21.2,1.9,89.0
2008-07-26 07:00,20.5,0.9,94.0
2008-07-26 08:00,20.4,1.6,95.0
2008-07-26 09:00,20.3,2.7,95.0
2008-07-26 10:00,20.5,1.9,94.0
2008-07-26 11:00,20.5,2.0,94.0
2008-07-26 12:00,20.9,2.4,93.0
2008-07-26 13:00,21.0,2.1,93.0
2008-07-26 14:00,21.1,2.2,93.0
2008-07-26 15:00,21.5,1.3,92.0
2008-07-26 16:00,21.7,0.8,91.0
2008-07-26 17:00,21.6,1.5,93.0
2008-07-26 18:00,21.8,0.4,93.0
2008-07-26 19:00,21.8,0.6,93.0
2008-07-26 20:00,21.6,0.0,95.0
2008-07-26 21:00,21.6,1.1,95.0
2008-07-26 22:00,21.5,0.7,95.0
2008-07-26 23:00,21.5,0.1,95.0
2008-07-27 00:00,21.4,0.0,95.0
2008-07-27 01:00,21.2,0.8,95.0
2008-07-27 02:00,21.2,0.0,95.0
2008-07-27 03:00,21.2,0.6,95.0
2008-07-27 04:00,21.2,0.1,95.0
2008-07-27 05:00,21.1,0.0,95.0
2008-07-27 06:00,21.1,0.0,95.0
2008-07-27 07:00,21.2,0.0,95.0
2008-07-27 08:00,21.8,0.0,90.0
2008-07-27 09:00,23.4,0.5,80.0
2008-07-27 10:00,24.6,0.4,73.0
2008-07-27 11:00,25.4,0.6,73.0
2008-07-27 12:00,26.9,1.3,69.0
2008-07-27 13:00,27.8,1.5,69.0
2008-07-27 14:00,28.2,1.5,67.0
2008-07-27 15:00,28.8,0.9,64.0
2008-07-27 16:00,28.5,1.2,65.0
2008-07-27 17:00,28.2,1.1,69.0
2008-07-27 18:00,28.1,0.9,70.0
2009-07-09 01:00,23.5,1.4,91.0
2009-07-09 02:00,23.4,0.4,92.0
2009-07-09 03:00,23.1,0.2,93.0
2009-07-09 04:00,22.7,0.0,95.0
2009-07-09 05:00,22.2,0.9,95.0
2009-07-09 06:00,21.7,0.8,95.0
2009-07-09 07:00,20.7,1.4,95.0
2009-07-09 08:00,19.9,1.8,95.0
2009-07-09 09:00,20.2,0.9,95.0
2009-07-09 10:00,19.4,2.1,94.0
2009-07-09 11:00,18.9,1.8,95.0
2009-07-09 12:00,18.8,2.6,95.0
2009-07-09 13:00,18.8,2.4,95.0
2009-07-09 14:00,17.9,5.0,95.0
2009-07-09 15:00,17.8,2.0,95.0
2009-07-09 16:00,17.7,1.2,95.0
2009-07-09 17:00,18.4,2.2,95.0
2009-07-09 18:00,18.4,1.6,95.0
2009-07-09 19:00,18.4,0.0,95.0
2009-07-09 20:00,18.5,0.0,95.0
2009-07-09 21:00,18.4,0.1,95.0
2009-07-09 22:00,17.7,0.9,95.0
2009-07-09 23:00,17.3,0.1,95.0
2009-07-10 00:00,17.3,0.1,95.0
2009-07-10 01:00,17.4,0.5,95.0
2009-07-10 02:00,17.7,0.8,95.0
2009-07-10 03:00,17.7,0.2,95.0
2009-07-10 04:00,17.5,0.6,95.0
2009-07-10 05:00,17.4,0.0,95.0
2009-07-10 06:00,17.6,0.0,95.0
2009-07-10 07:00,17.8,0.2,95.0
2009-07-10 08:00,18.2,0.3,95.0
2009-07-10 09:00,19.5,0.2,85.0
2009-07-10 10:00,21.1,1.1,81.0
2009-07-10 11:00,23.1,1.3,73.0
2009-07-10 12:00,24.7,1.1,67.0
2009-07-10 13:00,26.7,0.9,60.0
2009-07-10 14:00,28.5,1.6,53.0
2009-07-10 15:00,29.3,2.4,51.0
2009-07-10 16:00,28.5,1.8,55.0
2009-07-10 17:00,28.3,2.0,57.0
2009-07-10 18:00,28.3,3.3,47.0
2009-07-10 19:00,27.0,1.8,50.0
2009-07-10 20:00,25.7,0.3,55.0
2009-07-10 21:00,25.1,1.0,52.0
2009-07-10 22:00,22.8,0.9,74.0
2009-07-11 19:00,24.9,0.5,78.0
2009-07-11 20:00,24.2,0.7,84.0
2009-07-11 21:00,23.0,0.4,91.0
2009-07-11 22:00,22.6,0.3,93.0
2009-07-11 23:00,21.9,0.0,95.0
2009-07-12 00:00,21.6,0.4,95.0
2009-07-12 01:00,21.0,0.1,95.0
2009-07-12 02:00,20.2,0.8,95.0
2009-07-12 03:00,20.0,0.1,95.0
2009-07-12 04:00,19.6,1.7,95.0
2009-07-12 05:00,19.5,1.3,95.0
2009-07-12 06:00,19.2,0.2,95.0
2009-07-12 07:00,19.1,1.7,95.0
2009-07-12 08:00,18.9,2.4,95.0
2009-07-12 09:00,18.8,1.4,95.0
2009-07-12 10:00,18.9,2.0,95.0
2009-07-12 11:00,19.0,1.9,95.0
2009-07-12 12:00,19.2,1.8,95.0
2009-07-12 13:00,19.3,0.7,95.0
2009-07-12 14:00,19.5,0.5,95.0
2009-07-12 15:00,19.6,0.6,95.0
2009-07-12 16:00,19.9,0.0,95.0
2009-07-12 17:00,20.1,0.4,95.0
2009-07-12 18:00,20.2,0.3,95.0
2009-07-12 19:00,20.2,0.5,95.0
2009-07-12 20:00,20.3,0.8,95.0
2009-07-12 21:00,20.7,0.0,95.0
2009-07-12 22:00,22.3,2.3,94.0
2009-07-12 23:00,22.3,0.9,93.0
2009-07-13 00:00,20.5,0.5,93.0
2009-07-13 01:00,20.3,0.4,95.0
2009-07-13 02:00,20.5,0.1,95.0
2009-07-13 03:00,21.3,0.1,95.0
2009-07-13 04:00,21.5,0.8,95.0
2009-07-13 05:00,21.2,0.4,94.0
2009-07-13 06:00,20.7,0.0,95.0
2009-07-13 07:00,21.1,0.3,95.0
2009-07-13 08:00,22.1,0.6,87.0
2009-07-13 09:00,23.2,0.6,81.0
2009-07-13 10:00,23.9,1.4,77.0
2009-07-13 11:00,24.6,1.6,68.0
2009-07-13 12:00,24.5,1.2,72.0
2009-07-13 13:00,25.1,1.5,70.0
2009-07-13 14:00,25.0,1.7,72.0
2009-07-13 15:00,26.4,0.8,65.0
2009-07-13 16:00,26.5,1.0,68.0
2009-07-13 17:00,26.4,0.6,70.0
2009-07-13 18:00,26.2,0.2,70.0
2009-07-13 19:00,25.7,0.1,74.0
2009-07-13 20:00,24.8,0.2,85.0
2009-07-13 21:00,24.3,0.0,90.0
2009-07-14 00:00,22.8,0.5,95.0
2009-07-14 01:00,22.7,0.0,95.0
2009-07-14 02:00,21.9,0.4,95.0
2009-07-14 03:00,20.8,0.5,95.0
2009-07-14 04:00,20.5,1.0,95.0
2009-07-14 05:00,20.6,0.0,95.0
2009-07-14 06:00,20.4,0.0,95.0
2009-07-14 07:00,20.7,0.2,95.0
2009-07-14 08:00,21.1,1.6,95.0
2009-07-14 09:00,22.5,1.3,95.0
2009-07-14 10:00,24.2,2.9,91.0
2009-07-14 11:00,25.2,3.4,87.0
2009-07-14 12:00,24.9,3.4,91.0
2009-07-14 13:00,24.8,3.4,91.0
2009-07-14 14:00,24.5,1.4,93.0
2009-07-14 15:00,24.1,2.0,95.0
2009-07-14 16:00,24.0,2.8,91.0
2009-07-14 17:00,23.8,2.0,95.0
2009-07-14 18:00,24.3,1.3,92.0
2009-07-14 19:00,24.4,1.5,92.0
2009-07-14 20:00,24.1,2.9,94.0
2009-07-14 21:00,23.8,1.8,95.0
2009-07-14 22:00,24.8,2.6,85.0
2009-07-14 23:00,24.5,2.6,82.0
2009-07-15 00:00,23.0,3.5,76.0
2009-07-15 01:00,22.6,2.8,78.0
2009-07-15 02:00,22.0,2.3,83.0
2009-07-15 03:00,21.8,1.2,84.0
2009-07-15 04:00,22.1,2.9,78.0
2009-07-15 05:00,21.8,1.8,78.0
2009-07-15 06:00,21.8,2.0,77.0
2009-07-15 07:00,22.2,2.0,75.0
2009-07-15 08:00,22.6,2.2,75.0
2009-07-15 09:00,23.8,2.0,68.0
2009-07-15 10:00,24.1,3.2,67.0
2009-07-15 11:00,25.1,2.9,64.0
2009-07-15 12:00,25.9,2.6,63.0
2009-07-15 13:00,26.1,2.5,65.0
2009-07-15 14:00,26.0,3.5,65.0
2009-07-15 15:00,27.0,3.3,60.0
2009-07-15 16:00,27.1,3.1,62.0
2009-07-17 15:00,26.2,0.8,71.0
2009-07-17 16:00,26.1,1.1,61.0
2009-07-17 17:00,25.8,1.6,70.0
2009-07-17 18:00,25.1,0.9,78.0
2009-07-17 19:00,24.1,0.9,89.0
2009-07-17 20:00,23.4,0.7,94.0
2009-07-17 21:00,23.4,0.0,95.0
2009-07-17 22:00,23.1,0.0,95.0
2009-07-17 23:00,23.0,0.1,95.0
2009-07-18 00:00,22.6,1.1,95.0
2009-07-18 01:00,22.7,0.0,95.0
2009-07-18 02:00,22.8,0.2,95.0
2009-07-18 03:00,22.9,0.4,95.0
2009-07-18 04:00,24.7,2.5,95.0
2009-07-18 05:00,25.8,2.9,83.0
2009-07-18 06:00,25.7,2.6,83.0
2009-07-18 07:00,26.1,2.6,78.0
2009-07-18 08:00,26.4,2.6,75.0
2009-07-18 09:00,27.2,3.9,70.0
2009-07-18 10:00,27.1,3.1,72.0
2009-07-18 11:00,27.3,2.7,72.0
2009-07-18 12:00,27.2,4.2,76.0
2009-07-18 13:00,25.8,1.3,89.0
2009-07-18 14:00,26.0,1.9,88.0
2009-07-18 15:00,25.8,1.9,89.0
2009-07-18 16:00,25.9,4.0,88.0
2009-07-18 17:00,25.9,3.4,88.0
2009-07-18 18:00,25.6,2.9,89.0
2009-07-18 19:00,25.7,1.7,87.0
2009-07-18 20:00,25.4,1.9,88.0
2009-07-18 21:00,25.5,3.7,86.0
2009-07-18 22:00,25.7,3.6,82.0
2009-07-18 23:00,25.1,1.7,84.0
2009-07-19 00:00,24.4,2.8,89.0
2009-07-19 01:00,24.5,1.6,83.0
2009-07-19 02:00,23.6,2.8,83.0
2009-07-19 03:00,23.2,2.3,85.0
2009-07-19 04:00,22.8,1.6,88.0
2009-07-19 05:00,22.6,1.0,89.0
2009-07-19 06:00,22.7,0.7,88.0
2009-07-19 07:00,22.9,0.7,86.0
2009-07-19 08:00,23.3,1.5,83.0
2009-07-19 09:00,23.7,1.6,82.0
2009-07-19 10:00,24.2,1.0,80.0
2009-07-19 11:00,25.3,1.9,74.0
2009-07-19 12:00,26.3,1.5,71.0
2009-07-19 13:00,26.9,1.1,67.0
2009-07-19 14:00,27.9,1.2,64.0
2009-07-19 15:00,29.1,1.7,57.0
2009-07-19 16:00,29.4,1.5,57.0
2009-07-19 17:00,29.2,1.5,59.0
2009-07-19 18:00,28.8,1.4,62.0
2009-07-19 19:00,27.9,1.3,66.0
2009-07-19 20:00,26.5,1.1,79.0
2009-07-19 21:00,25.1,0.4,89.0
2009-07-19 22:00,24.0,0.3,93.0
2009-07-19 23:00,23.1,1.0,94.0
2009-07-20 00:00,22.9,0.0,95.0
2009-07-20 01:00,22.1,0.8,95.0
2009-07-20 02:00,22.0,0.0,95.0
2009-07-20 03:00,22.3,0.4,95.0
2009-07-20 04:00,22.0,0.2,95.0
2009-07-20 05:00,22.1,0.1,95.0
2009-07-20 06:00,22.3,0.0,95.0
2009-07-20 07:00,22.7,0.6,93.0
2009-07-20 08:00,23.3,1.1,92.0
2009-07-20 09:00,24.4,1.3,86.0
2009-07-20 10:00,25.0,1.9,79.0
2009-08-10 19:00,27.5,1.5,62.0
2009-08-10 20:00,26.4,1.9,66.0
2009-08-10 21:00,25.5,1.8,68.0
2009-08-10 22:00,24.9,1.6,70.0
2009-08-10 23:00,24.5,0.7,73.0
2009-08-11 00:00,23.8,1.1,76.0
2009-08-11 01:00,22.9,1.5,89.0
2009-08-11 02:00,22.8,1.7,88.0
2009-08-11 03:00,22.9,1.2,87.0
2009-08-11 04:00,22.8,1.4,86.0
2009-08-11 05:00,22.6,1.7,88.0
2009-08-11 06:00,22.1,1.4,91.0
2009-08-11 07:00,22.4,1.4,88.0
2009-08-11 08:00,23.0,1.9,84.0
2009-08-11 09:00,24.3,2.0,79.0
2009-08-11 10:00,24.8,1.6,78.0
2009-08-11 11:00,24.9,1.7,77.0
2009-08-11 12:00,23.7,2.4,87.0
2009-08-11 13:00,23.5,1.6,91.0
2009-08-11 14:00,23.3,0.5,93.0
2009-08-11 15:00,23.0,2.4,94.0
2009-08-11 16:00,23.0,2.5,93.0
2009-08-11 17:00,22.7,1.9,95.0
2009-08-11 18:00,22.7,0.5,95.0
2009-08-11 19:00,22.5,1.3,95.0
2009-08-11 20:00,22.3,1.6,95.0
2009-08-11 21:00,22.4,0.9,95.0
2009-08-11 22:00,22.2,2.0,95.0
2009-08-11 23:00,22.1,2.5,95.0
2009-08-12 00:00,22.1,1.5,95.0
2009-08-12 01:00,21.9,1.8,95.0
2009-08-12 02:00,22.1,1.8,95.0
2009-08-12 03:00,22.1,2.1,95.0
2009-08-12 04:00,22.0,0.0,95.0
2009-08-12 05:00,22.0,0.3,95.0
2009-08-12 06:00,21.9,3.0,95.0
2009-08-12 07:00,21.9,1.8,95.0
2009-08-12 08:00,22.0,0.2,95.0
2009-08-12 09:00,22.2,0.1,95.0
2009-08-12 10:00,22.3,1.8,95.0
2009-08-12 11:00,22.5,1.4,95.0
2009-08-12 12:00,22.7,1.0,95.0
2009-08-12 13:00,23.1,1.1,95.0
2009-08-12 14:00,24.0,0.5,91.0
2009-08-12 15:00,24.3,0.5,89.0
2009-08-12 16:00,25.3,0.0,81.0
2009-08-12 17:00,25.8,0.4,80.0
2009-08-12 18:00,26.5,0.3,72.0
2009-08-12 19:00,26.6,0.1,75.0
2009-08-12 20:00,24.6,0.1,91.0
2009-08-12 21:00,23.3,0.4,95.0
2009-08-12 22:00,22.7,0.2,95.0
2009-08-12 23:00,22.1,0.1,95.0
2009-08-13 00:00,21.5,0.0,95.0
2009-08-13 01:00,21.0,0.6,95.0
2009-08-13 02:00,20.7,0.2,95.0
2009-08-13 03:00,20.2,0.2,95.0
2009-08-13 04:00,19.9,0.0,95.0
2009-08-13 05:00,19.7,0.9,95.0
2009-08-13 06:00,19.6,0.0,95.0
2009-08-13 07:00,20.1,0.1,95.0
2009-08-13 08:00,21.1,0.3,92.0
2009-08-13 09:00,22.2,0.2,85.0
2009-08-13 10:00,24.5,0.4,76.0
2009-08-13 11:00,26.1,1.1,70.0
2009-08-13 12:00,28.4,1.0,61.0
2009-08-13 13:00,29.8,0.9,62.0
2009-08-13 14:00,30.9,1.4,59.0
2009-08-13 15:00,32.2,1.4,56.0
2009-08-13 16:00,32.0,2.2,55.0
2009-08-13 17:00,31.8,2.3,53.0
2009-08-13 18:00,31.0,2.4,57.0
2009-08-13 19:00,29.6,1.0,66.0
2009-08-13 20:00,27.4,1.0,79.0
2009-08-13 21:00,25.5,0.3,89.0
2009-08-13 22:00,24.5,0.9,91.0
2009-08-13 23:00,23.6,0.6,92.0
2009-08-14 00:00,23.0,0.7,94.0
2009-08-14 01:00,22.5,0.4,94.0
2009-08-14 02:00,22.1,0.3,95.0
2009-08-14 03:00,21.9,0.5,95.0
2009-08-14 04:00,21.8,0.0,95.0
2009-08-14 05:00,21.8,0.0,95.0
2009-08-14 06:00,22.0,0.0,95.0
2009-08-14 07:00,22.4,0.0,95.0
2009-08-14 08:00,23.1,0.1,90.0
2010-09-09 14:00,21.0,0.4,74.0
2010-09-09 15:00,20.9,0.1,75.0
2010-09-09 16:00,20.8,0.1,81.0
2010-09-09 17:00,19.7,0.7,91.0
2010-09-09 18:00,19.6,0.0,94.0
2010-09-09 19:00,19.6,0.0,95.0
2010-09-09 20:00,19.4,0.7,95.0
2010-09-09 21:00,19.5,0.3,95.0
2010-09-09 22:00,19.6,0.9,95.0
2010-09-09 23:00,19.6,0.4,95.0
2010-09-10 00:00,19.7,0.2,95.0
2010-09-10 01:00,19.8,1.2,95.0
2010-09-10 02:00,21.1,0.5,95.0
2010-09-10 03:00,21.1,0.6,95.0
2010-09-10 04:00,21.3,0.2,95.0
2010-09-10 05:00,21.4,0.4,95.0
2010-09-10 06:00,22.0,0.4,95.0
2010-09-10 07:00,22.3,0.8,95.0
2010-09-10 08:00,22.7,1.1,95.0
2010-09-10 09:00,23.0,1.6,95.0
2010-09-10 10:00,23.0,1.1,95.0
2010-09-10 11:00,23.6,1.0,95.0
2010-09-10 12:00,23.5,1.7,94.0
2010-09-10 13:00,24.4,0.8,92.0
2010-09-10 14:00,24.1,0.3,94.0
2010-09-10 15:00,24.4,0.3,95.0
2010-09-10 16:00,24.2,0.7,94.0
2010-09-10 17:00,24.6,1.8,92.0
2010-09-10 18:00,24.9,2.4,88.0
2010-09-10 19:00,24.4,2.9,92.0
2010-09-10 20:00,24.1,1.6,92.0
2010-09-10 21:00,23.4,2.2,93.0
2010-09-10 22:00,23.2,2.2,92.0
2010-09-10 23:00,22.9,1.3,93.0
2010-09-11 00:00,22.5,0.3,94.0
2010-09-11 01:00,22.0,0.2,95.0
2010-09-11 02:00,21.8,0.6,95.0
2010-09-11 03:00,21.6,0.3,95.0
2010-09-11 04:00,21.7,0.1,95.0
2010-09-11 05:00,21.6,0.2,95.0
2010-09-11 06:00,21.6,0.2,95.0
2010-09-11 07:00,21.6,0.5,95.0
2010-09-11 08:00,21.5,1.1,95.0
2010-09-11 09:00,21.6,0.6,95.0
2010-09-11 10:00,22.1,0.7,95.0
2010-09-11 11:00,22.8,0.0,95.0
2010-09-11 12:00,23.8,0.1,88.0
2010-09-11 13:00,24.1,2.4,86.0
2010-09-11 14:00,23.2,2.9,88.0
2010-09-11 15:00,22.4,2.1,94.0
2010-09-11 16:00,22.7,1.5,92.0
2010-09-11 17:00,22.8,1.4,92.0
2010-09-11 18:00,22.3,1.2,94.0
2010-09-11 19:00,21.6,1.5,95.0
2010-09-11 20:00,21.4,0.3,94.0
2010-09-11 21:00,21.3,0.5,95.0
2010-09-11 22:00,21.2,0.2,95.0
2010-09-11 23:00,21.0,1.7,94.0
2010-09-12 00:00,20.9,1.7,95.0
2010-09-12 01:00,20.8,1.5,94.0
2010-09-12 02:00,20.8,1.3,94.0
2010-09-12 03:00,20.6,1.3,95.0
2010-09-12 04:00,20.1,1.4,95.0
2010-09-12 05:00,19.9,0.8,95.0
2010-09-12 06:00,19.7,1.3,94.0
2010-09-12 07:00,19.8,0.1,95.0
2010-09-12 08:00,19.9,1.6,95.0
2010-09-12 09:00,20.4,1.9,92.0
2010-09-12 10:00,20.7,1.4,90.0
2010-09-12 11:00,22.0,2.1,83.0
2010-09-12 12:00,22.9,0.9,76.0
2010-09-12 13:00,23.5,0.7,73.0
2010-09-12 14:00,24.3,0.7,67.0
2010-09-12 15:00,24.8,1.2,68.0
2010-09-12 16:00,25.0,1.0,67.0
2010-09-12 17:00,25.1,1.1,68.0
2010-09-12 18:00,23.0,1.2,84.0
2010-09-12 19:00,22.2,0.7,88.0
2010-09-12 20:00,21.3,0.8,91.0
2010-09-12 21:00,21.0,0.6,94.0
2010-09-12 22:00,20.9,0.0,94.0
2010-09-12 23:00,20.6,1.0,94.0
2010-09-13 00:00,20.6,0.4,94.0
2010-09-13 01:00,20.5,0.6,95.0
2010-09-13 02:00,20.3,0.0,95.0
2010-09-13 03:00,20.0,0.0,95.0
2010-09-13 04:00,19.2,0.6,95.0
2010-09-13 05:00,18.7,0.7,95.0
2010-09-13 06:00,18.7,0.7,95.0
2010-09-13 07:00,18.9,0.0,95.0
2010-09-13 08:00,19.5,0.2,95.0
2010-09-13 09:00,20.5,0.1,87.0
2010-09-13 10:00,21.6,0.8,82.0
2010-09-13 11:00,23.1,0.7,73.0
2010-09-13 12:00,23.5,0.5,75.0
2010-09-13 13:00,24.6,0.9,69.0
2010-09-13 14:00,25.7,0.3,60.0
2010-09-13 15:00,27.2,1.1,51.0
2010-09-13 16:00,27.7,1.2,55.0
2010-09-13 17:00,27.7,0.9,56.0
2010-09-13 18:00,26.2,0.8,65.0
2010-09-13 19:00,23.2,2.8,84.0
2010-09-13 20:00,22.7,1.7,86.0
2010-09-13 21:00,22.0,1.2,90.0
2010-09-13 22:00,21.1,1.2,92.0
2010-09-13 23:00,20.5,1.3,95.0
2010-09-14 00:00,20.2,1.0,95.0
2010-09-14 01:00,19.9,0.7,95.0
2010-09-14 02:00,19.8,0.0,95.0
2010-09-14 03:00,19.4,0.4,95.0
2010-09-18 21:00,21.3,0.0,82.0
2010-09-18 22:00,20.9,0.0,84.0
2010-09-18 23:00,20.5,0.4,87.0
2010-09-19 00:00,20.1,0.6,91.0
2010-09-19 01:00,20.0,0.1,91.0
2010-09-19 02:00,19.8,0.0,92.0
2010-09-19 03:00,19.5,0.9,93.0
2010-09-19 04:00,19.6,0.0,92.0
2010-09-19 05:00,19.4,0.4,92.0
2010-09-19 06:00,19.5,0.0,92.0
2010-09-19 07:00,19.6,0.1,91.0
2010-09-19 08:00,19.6,0.0,91.0
2010-09-19 09:00,19.9,0.1,93.0
2010-09-19 10:00,20.3,0.4,90.0
2010-09-19 11:00,20.3,0.1,89.0
2010-09-19 12:00,20.6,0.1,88.0
2010-09-19 13:00,20.5,0.0,91.0
2010-09-19 14:00,20.4,0.4,93.0
2010-09-19 15:00,20.3,0.6,92.0
2010-09-19 16:00,19.7,1.1,90.0
2010-09-19 17:00,19.0,1.7,84.0
2010-09-19 18:00,19.0,0.4,88.0
2010-09-19 19:00,18.6,0.7,92.0
2010-09-19 20:00,18.2,0.3,92.0
2010-09-19 21:00,17.8,1.1,94.0
2010-09-19 22:00,17.6,0.4,92.0
2010-09-19 23:00,17.6,0.2,94.0
2010-09-20 00:00,17.5,0.2,94.0
2010-09-20 01:00,17.5,0.5,94.0
2010-09-20 02:00,17.5,0.0,95.0
2010-09-20 03:00,17.3,1.0,95.0
2010-09-20 04:00,17.2,0.5,95.0
2010-09-20 05:00,17.2,0.0,95.0
2010-09-20 06:00,17.2,0.1,95.0
2010-09-20 07:00,17.3,0.1,95.0
2010-09-20 08:00,17.6,0.6,95.0
2010-09-20 09:00,17.8,0.1,95.0
2010-09-20 10:00,18.2,0.4,94.0
2010-09-20 11:00,19.2,0.4,88.0
2010-09-20 12:00,20.9,0.2,79.0
2010-09-20 13:00,22.3,1.1,76.0
2010-09-20 14:00,23.7,1.0,72.0
2010-09-20 15:00,25.2,1.3,67.0
2010-09-20 16:00,26.0,1.4,64.0
2010-09-20 17:00,25.4,1.4,62.0
2010-09-20 18:00,24.7,0.9,66.0
2010-09-20 19:00,23.0,0.8,80.0
2010-09-20 20:00,22.1,0.0,87.0
2010-09-20 21:00,21.2,0.0,91.0
2010-09-20 22:00,20.9,0.0,93.0
2010-09-20 23:00,20.8,0.0,93.0
2010-09-21 00:00,20.6,0.0,95.0
2010-09-21 01:00,20.6,0.1,95.0
2010-09-21 02:00,20.3,1.1,92.0
2010-09-21 03:00,20.1,1.9,93.0
2010-09-21 04:00,19.7,0.3,94.0
2010-09-21 05:00,19.6,0.6,95.0
2010-09-21 06:00,19.6,0.1,95.0
2010-09-21 07:00,19.6,0.2,95.0
2010-09-21 08:00,19.8,0.0,95.0
2010-09-21 09:00,19.9,0.2,95.0
2010-09-21 10:00,20.2,0.1,95.0
2010-09-21 11:00,20.4,1.1,94.0
2010-09-21 12:00,20.0,0.0,95.0
2010-09-21 13:00,20.0,2.7,95.0
2010-09-21 14:00,20.4,0.4,95.0
2010-09-21 15:00,20.8,0.6,95.0
2010-09-21 16:00,20.9,0.9,95.0
2010-09-21 17:00,20.8,0.0,95.0
2010-09-21 18:00,21.0,0.4,95.0
2010-09-21 19:00,20.2,2.9,86.0
2010-09-21 20:00,18.9,1.8,84.0
2010-09-21 21:00,18.3,2.3,82.0
2010-09-21 22:00,18.0,2.2,79.0
2010-09-21 23:00,17.5,1.9,83.0
2010-09-22 00:00,16.9,1.9,78.0
2010-09-22 01:00,16.6,1.4,89.0
2010-09-22 02:00,16.5,1.0,87.0
2010-09-22 03:00,16.1,1.9,85.0
2010-09-22 04:00,16.0,0.5,85.0
2010-09-22 05:00,15.8,1.5,86.0
2010-09-22 06:00,15.7,1.9,87.0
2010-09-22 07:00,15.9,1.1,85.0
2010-09-22 08:00,16.4,1.9,73.0
2010-09-22 09:00,16.6,1.8,69.0
2010-09-22 10:00,16.4,1.8,70.0
2010-09-22 11:00,16.9,1.5,65.0
2010-09-22 12:00,17.2,2.3,63.0
2010-09-22 13:00,17.3,1.8,65.0
2010-09-22 14:00,17.8,1.5,63.0
2010-09-22 15:00,17.4,2.0,65.0
2010-09-22 16:00,17.2,1.2,69.0
2010-09-22 17:00,16.6,0.9,74.0
2010-09-22 18:00,16.3,1.0,77.0
2010-09-22 19:00,15.7,1.5,80.0
2010-09-22 20:00,15.6,0.9,81.0
2010-09-22 21:00,15.3,1.3,83.0
2010-09-22 22:00,15.1,1.0,84.0
2010-09-22 23:00,14.7,0.4,86.0
2010-09-23 00:00,13.3,1.6,92.0
2010-09-23 01:00,12.3,1.3,95.0
2010-09-23 02:00,11.7,1.1,95.0
2010-09-23 03:00,11.4,0.4,95.0
2010-09-23 04:00,11.2,0.1,95.0
2010-09-23 05:00,10.7,0.2,95.0
2010-09-23 06:00,10.5,0.1,95.0
2010-09-23 07:00,10.9,0.2,95.0
2010-09-23 08:00,12.5,0.8,86.0
2010-09-23 09:00,15.0,1.1,76.0
2010-09-23 10:00,16.7,1.5,68.0
2010-09-23 11:00,18.4,1.5,63.0
2010-09-23 12:00,20.0,2.3,58.0
2010-09-23 13:00,21.2,1.9,45.0
2010-09-23 14:00,22.2,1.7,42.0
2010-09-23 15:00,22.6,1.6,34.0
2010-09-23 16:00,22.9,2.2,37.0
2010-09-23 17:00,22.2,1.4,46.0
2010-09-23 18:00,19.6,1.2,64.0
2010-09-23 19:00,16.7,1.3,81.0
2010-09-23 20:00,15.4,0.2,85.0
2010-09-23 21:00,14.0,0.4,90.0
2010-09-23 22:00,13.2,0.5,92.0
2010-09-23 23:00,12.7,0.0,92.0
2010-09-24 00:00,11.8,1.0,94.0
2010-09-24 01:00,11.4,0.9,95.0
2010-09-24 02:00,11.2,0.4,95.0
2010-09-24 03:00,10.8,0.5,95.0
2011-06-28 23:00,23.1,0.5,89.0
2011-06-29 00:00,22.5,1.6,91.0
2011-06-29 01:00,22.2,0.8,95.0
2011-06-29 02:00,21.6,1.9,99.0
2011-06-29 03:00,21.5,1.5,100.0
2011-06-29 04:00,21.1,1.1,100.0
2011-06-29 05:00,21.0,0.9,100.0
2011-06-29 06:00,20.7,2.7,100.0
2011-06-29 07:00,20.7,0.6,100.0
2011-06-29 08:00,20.6,1.8,100.0
2011-06-29 09:00,20.7,2.8,100.0
2011-06-29 10:00,20.5,2.6,100.0
2011-06-29 11:00,20.2,3.2,100.0
2011-06-29 12:00,20.3,1.3,100.0
2011-06-29 13:00,20.8,1.3,100.0
2011-06-29 14:00,20.6,1.7,100.0
2011-06-29 15:00,20.4,1.4,100.0
2011-06-29 16:00,20.5,0.6,100.0
2011-06-29 17:00,20.8,0.4,100.0
2011-06-29 18:00,20.9,0.6,100.0
2011-06-29 19:00,20.9,0.6,100.0
2011-06-29 20:00,21.0,1.2,100.0
2011-06-29 21:00,21.0,0.5,100.0
2011-06-29 22:00,20.9,0.5,100.0
2011-06-29 23:00,21.0,0.4,100.0
2011-06-30 00:00,20.9,0.5,100.0
2011-06-30 01:00,20.9,0.6,100.0
2011-06-30 02:00,21.0,0.5,100.0
2011-06-30 03:00,21.0,0.0,100.0
2011-06-30 04:00,21.1,0.5,100.0
2011-06-30 05:00,21.1,0.2,100.0
2011-06-30 06:00,21.2,0.3,100.0
2011-06-30 07:00,21.3,0.2,100.0
2011-06-30 08:00,21.4,1.0,100.0
2011-06-30 09:00,21.6,0.4,100.0
2011-06-30 10:00,21.8,0.9,100.0
2011-06-30 11:00,22.2,0.4,100.0
2011-06-30 12:00,23.3,0.6,100.0
2011-06-30 13:00,25.2,0.8,92.0
2011-06-30 14:00,26.4,1.7,79.0
2011-06-30 15:00,27.4,1.6,76.0
2011-06-30 16:00,27.0,1.5,80.0
2011-06-30 17:00,26.5,1.6,77.0
2011-06-30 18:00,26.9,0.5,72.0
2011-06-30 19:00,26.7,1.0,83.0
2011-06-30 20:00,25.1,1.9,95.0
2011-06-30 21:00,24.7,1.2,94.0
2011-06-30 22:00,24.3,0.9,97.0
2011-06-30 23:00,23.6,0.2,99.0
2011-07-01 00:00,23.0,1.4,98.0
2011-07-01 01:00,22.7,2.1,98.0
2011-07-01 02:00,22.6,0.9,98.0
2011-07-01 03:00,22.2,1.0,99.0
2011-07-01 04:00,22.1,1.1,98.0
2011-07-01 05:00,21.7,2.0,98.0
2011-07-01 06:00,21.8,0.3,97.0
2011-07-01 07:00,22.1,1.1,96.0
2011-07-01 08:00,22.7,0.8,91.0
2011-07-01 09:00,23.8,0.9,82.0
2011-07-01 10:00,25.0,0.7,78.0
2011-07-01 11:00,26.1,1.4,74.0
2011-07-01 12:00,26.5,0.7,70.0
2011-07-01 13:00,27.1,1.0,71.0
2011-07-01 14:00,27.6,0.8,70.0
2011-07-01 15:00,28.4,0.9,66.0
2011-07-01 16:00,28.6,1.1,67.0
2011-07-01 17:00,28.5,0.6,67.0
2011-07-02 23:00,25.3,1.3,95.0
2011-07-03 00:00,24.9,0.1,97.0
2011-07-03 01:00,24.7,0.5,98.0
2011-07-03 02:00,24.4,0.0,99.0
2011-07-03 03:00,24.1,0.0,99.0
2011-07-03 04:00,24.0,0.0,99.0
2011-07-03 05:00,23.9,0.1,100.0
2011-07-03 06:00,23.8,0.4,100.0
2011-07-03 07:00,23.8,0.4,100.0
2011-07-03 08:00,23.9,2.2,100.0
2011-07-03 09:00,23.8,1.4,100.0
2011-07-03 10:00,23.7,0.5,100.0
2011-07-03 11:00,23.8,0.5,100.0
2011-07-03 12:00,24.2,0.9,100.0
2011-07-03 13:00,24.8,0.4,99.0
2011-07-03 14:00,24.8,0.9,100.0
2011-07-03 15:00,24.8,0.7,100.0
2011-07-03 16:00,24.3,1.3,100.0
2011-07-03 17:00,24.1,1.2,100.0
2011-07-03 18:00,23.7,0.6,100.0
2011-07-03 19:00,23.5,0.3,100.0
2011-07-03 20:00,23.3,0.6,100.0
2011-07-03 21:00,23.0,1.1,100.0
2011-07-03 22:00,22.7,0.2,100.0
2011-07-03 23:00,22.5,0.6,100.0
2011-07-04 00:00,22.5,0.1,100.0
2011-07-04 01:00,22.3,0.5,100.0
2011-07-04 02:00,22.3,0.7,100.0
2011-07-04 03:00,22.3,0.5,100.0
2011-07-04 04:00,22.2,0.1,100.0
2011-07-04 05:00,22.0,0.5,100.0
2011-07-04 06:00,21.9,0.0,100.0
2011-07-04 07:00,22.4,1.4,100.0
2011-07-04 08:00,23.2,1.8,89.0
2011-07-04 09:00,24.1,2.3,82.0
2011-07-04 10:00,25.3,3.0,74.0
2011-07-04 11:00,26.3,3.2,69.0
2011-07-04 12:00,27.1,2.8,66.0
2011-07-04 13:00,27.8,3.5,57.0
2011-07-04 14:00,28.2,3.6,54.0
2011-07-04 15:00,28.3,4.0,53.0
2011-07-04 16:00,28.7,2.7,53.0
2011-07-04 17:00,29.0,2.7,51.0
2011-07-04 18:00,28.3,2.3,57.0
2011-07-04 19:00,27.3,2.1,62.0
2011-07-04 20:00,26.2,2.3,68.0
2011-07-04 21:00,25.3,0.8,75.0
2011-07-04 22:00,23.8,0.4,87.0
2011-07-04 23:00,22.8,0.4,93.0
2011-07-05 00:00,22.3,0.5,94.0
2011-07-07 08:00,21.9,0.4,94.0
2011-07-07 09:00,22.1,0.8,93.0
2011-07-07 10:00,22.5,1.4,90.0
2011-07-07 11:00,23.4,1.3,86.0
2011-07-07 12:00,23.7,0.9,83.0
2011-07-07 13:00,23.6,0.5,85.0
2011-07-07 14:00,22.9,1.0,92.0
2011-07-07 15:00,22.4,1.2,96.0
2011-07-07 16:00,22.2,0.7,98.0
2011-07-07 17:00,22.3,1.1,98.0
2011-07-07 18:00,22.0,1.0,98.0
2011-07-07 19:00,22.0,0.7,98.0
2011-07-07 20:00,21.9,0.6,98.0
2011-07-07 21:00,21.8,0.6,98.0
2011-07-07 22:00,21.8,0.3,98.0
2011-07-07 23:00,21.7,0.3,98.0
2011-07-08 00:00,21.7,0.5,98.0
2011-07-08 01:00,21.7,0.6,98.0
2011-07-08 02:00,21.8,0.9,98.0
2011-07-08 03:00,22.0,0.6,98.0
2011-07-08 04:00,22.1,1.0,97.0
2011-07-08 05:00,22.1,0.7,97.0
2011-07-08 06:00,22.1,0.4,96.0
2011-07-08 07:00,22.1,1.0,95.0
2011-07-08 08:00,22.2,1.8,93.0
2011-07-08 09:00,23.1,1.1,87.0
2011-07-08 10:00,23.5,1.6,86.0
2011-07-08 11:00,23.7,1.6,82.0
2011-07-08 12:00,24.7,2.4,74.0
2011-07-08 13:00,25.1,2.7,72.0
2011-07-08 14:00,25.9,2.1,66.0
2011-07-08 15:00,26.3,1.9,68.0
2011-07-08 16:00,26.1,2.1,68.0
2011-07-08 17:00,25.6,2.7,71.0
2011-07-08 18:00,25.3,2.0,77.0
2011-07-08 19:00,24.8,1.9,77.0
2011-07-08 20:00,24.6,1.3,76.0
2011-07-08 21:00,23.9,1.7,88.0
2011-07-08 22:00,22.9,0.2,96.0
2011-07-08 23:00,22.4,0.7,98.0
2011-07-09 00:00,22.1,0.8,98.0
2011-07-09 01:00,21.7,1.1,98.0
2011-07-09 02:00,21.1,0.8,98.0
2011-07-09 03:00,21.2,0.5,98.0
2011-07-09 04:00,20.9,0.6,98.0
2011-07-09 05:00,20.8,0.4,98.0
2011-07-09 06:00,20.9,1.3,98.0
2011-07-09 07:00,21.0,1.1,98.0
2011-07-09 08:00,21.1,1.0,98.0
2011-07-09 09:00,21.3,0.5,98.0
2011-07-09 10:00,21.6,0.9,98.0
2011-07-09 11:00,21.8,1.1,96.0
2011-07-09 12:00,22.9,1.7,88.0
2011-07-09 13:00,23.7,1.4,79.0
2011-07-09 14:00,24.5,0.9,74.0
2011-07-09 15:00,25.5,1.1,70.0
2011-07-09 16:00,26.1,0.8,67.0
2011-07-09 17:00,26.7,0.7,67.0
2011-07-09 18:00,26.6,0.9,72.0
2011-07-09 19:00,26.4,1.0,75.0
2011-07-09 20:00,25.3,0.3,86.0
2011-07-09 21:00,24.2,1.3,94.0
2011-07-09 22:00,23.6,0.5,96.0
2011-07-09 23:00,23.1,0.4,97.0
2011-07-10 00:00,22.8,1.4,96.0
2011-07-10 01:00,22.5,0.2,97.0
2011-07-10 02:00,22.2,0.6,98.0
2011-07-10 03:00,22.2,0.6,98.0
2011-07-10 04:00,22.1,0.1,98.0
2011-07-10 05:00,22.0,0.2,98.0
2011-07-10 06:00,21.9,0.8,98.0
2011-07-10 07:00,22.3,0.9,98.0
2011-07-10 08:00,23.0,1.6,92.0
2011-07-10 09:00,23.5,1.1,90.0
2011-07-10 10:00,24.4,0.5,81.0
2011-07-10 11:00,24.9,0.8,79.0
2011-07-10 12:00,25.7,0.8,74.0
2011-07-10 13:00,27.1,1.0,67.0
2011-07-10 14:00,27.2,1.1,74.0
2011-07-10 15:00,26.2,2.7,78.0
2011-07-10 16:00,26.0,1.6,77.0
2011-07-10 17:00,25.9,2.3,77.0
2011-07-10 18:00,25.1,2.7,77.0
2011-07-10 19:00,24.5,2.6,76.0
2011-07-10 20:00,24.0,2.4,78.0
2011-07-10 21:00,23.6,1.9,78.0
2011-07-10 22:00,23.1,1.5,82.0
2011-07-10 23:00,22.2,1.5,87.0
2011-07-11 00:00,22.1,0.8,91.0
2011-07-11 01:00,22.0,0.8,90.0
2011-07-11 02:00,21.7,0.5,94.0
2011-07-11 03:00,21.6,0.4,96.0
2011-07-11 04:00,21.3,0.3,97.0
2011-07-11 05:00,21.2,0.0,98.0
2011-07-11 06:00,21.1,0.5,98.0
2011-07-11 07:00,21.2,1.1,98.0
2011-07-11 08:00,21.2,0.9,98.0
2011-07-11 09:00,21.3,0.0,98.0
2011-07-11 10:00,21.7,0.5,96.0
2011-07-11 11:00,21.8,1.1,94.0
2011-07-11 12:00,22.2,0.2,89.0
2011-07-11 13:00,22.4,0.4,93.0
2011-07-11 14:00,22.3,1.1,93.0
2011-07-11 15:00,22.3,1.2,92.0
2011-07-11 16:00,21.9,0.8,97.0
2011-07-11 17:00,21.8,0.8,97.0
2011-07-11 18:00,21.7,0.7,98.0
2011-07-11 19:00,21.8,0.5,98.0
2011-07-11 20:00,21.6,0.5,98.0
2011-07-11 21:00,21.4,1.0,98.0
2011-07-11 22:00,21.4,1.2,98.0
2011-07-11 23:00,21.3,1.1,98.0
2011-07-12 00:00,21.4,0.1,98.0
2011-07-12 01:00,21.3,0.0,98.0
2011-07-12 02:00,21.2,0.0,98.0
2011-07-12 03:00,21.1,0.1,98.0
2011-07-12 04:00,21.2,0.0,98.0
2011-07-12 05:00,20.8,0.5,98.0
2011-07-12 06:00,21.0,0.2,98.0
2011-07-12 07:00,21.0,0.5,98.0
2011-07-12 08:00,21.3,0.7,98.0
2011-07-12 09:00,21.7,0.3,98.0
2011-07-12 10:00,21.8,0.2,98.0
2011-07-12 11:00,21.9,0.2,98.0
2011-07-12 12:00,21.9,0.5,98.0
2011-07-12 13:00,21.8,0.6,98.0
2011-07-12 14:00,22.0,1.1,98.0
2011-07-12 15:00,22.2,0.1,98.0
2011-07-12 16:00,22.7,0.2,98.0
2011-07-12 17:00,23.1,1.2,95.0
2011-07-12 18:00,23.4,0.1,92.0
2011-07-12 19:00,23.5,0.6,93.0
2011-07-12 20:00,23.1,0.5,95.0
2011-07-12 21:00,23.1,0.5,98.0
2011-07-12 22:00,22.7,0.8,98.0
2011-07-12 23:00,22.7,0.4,98.0
2011-07-13 00:00,22.7,0.3,98.0
2011-07-13 01:00,22.6,0.1,98.0
2011-07-13 02:00,22.5,0.2,98.0
2011-07-13 03:00,22.5,0.3,98.0
2011-07-13 04:00,22.4,0.2,98.0
2011-07-13 05:00,22.3,0.3,98.0
2011-07-13 06:00,22.2,0.0,98.0
2011-07-13 07:00,22.3,0.1,98.0
2011-07-13 08:00,22.9,0.7,98.0
2011-07-13 09:00,23.3,0.5,98.0
2011-07-13 10:00,23.5,0.2,94.0
2011-07-13 11:00,24.5,1.5,84.0
2011-07-13 12:00,25.1,2.8,83.0
2011-07-13 13:00,25.3,2.1,82.0
2011-07-13 14:00,25.4,1.7,83.0
2011-07-13 15:00,25.4,1.1,83.0
2011-07-13 16:00,25.4,1.1,85.0
2011-07-13 17:00,25.5,1.4,86.0
2011-07-13 18:00,25.5,1.4,84.0
2011-07-13 19:00,25.5,0.3,90.0
2011-07-13 20:00,25.0,0.7,93.0
2011-07-13 21:00,24.5,1.0,96.0
2011-07-13 22:00,24.1,0.4,97.0
2011-07-13 23:00,23.8,0.3,98.0
2011-07-14 00:00,23.5,1.2,98.0
2011-07-14 01:00,23.4,0.3,98.0
2011-07-14 02:00,23.3,0.4,98.0
2011-07-14 03:00,23.2,0.6,98.0
2011-07-14 04:00,23.3,0.7,98.0
2011-07-14 05:00,23.6,2.4,98.0
2011-07-14 06:00,23.4,0.4,98.0
2011-07-14 07:00,23.3,0.8,98.0
2011-07-14 08:00,23.9,0.7,97.0
2011-07-14 09:00,24.3,0.6,95.0
2011-07-14 10:00,24.4,0.5,94.0
2011-07-14 11:00,24.3,0.7,96.0
2011-07-14 12:00,23.8,1.1,98.0
2011-07-14 13:00,24.2,1.2,98.0
2011-07-14 14:00,24.7,0.9,89.0
2011-07-14 15:00,23.8,2.3,94.0
2011-07-14 16:00,23.6,1.1,98.0
2011-07-14 17:00,23.5,0.8,95.0
2011-07-14 18:00,23.3,0.8,97.0
2011-07-14 19:00,23.0,0.8,98.0
2011-07-14 20:00,23.0,0.9,98.0
2011-07-14 21:00,22.9,0.8,98.0
2011-07-14 22:00,23.0,0.5,98.0
2011-07-14 23:00,22.9,0.6,98.0
2011-07-15 00:00,22.9,0.1,98.0
2011-07-15 01:00,22.9,0.4,98.0
2011-07-15 02:00,22.6,0.5,98.0
2011-07-15 03:00,22.7,0.0,98.0
2011-07-15 04:00,22.8,0.7,98.0
2011-07-15 05:00,23.0,0.4,98.0
2011-07-15 06:00,23.1,0.8,98.0
2011-07-15 07:00,24.2,1.1,95.0
2011-07-15 08:00,24.1,1.4,97.0
2011-07-15 09:00,24.6,0.4,92.0
2011-07-15 10:00,25.4,2.3,85.0
2011-07-15 11:00,25.8,2.4,83.0
2011-07-15 12:00,26.0,1.5,82.0
2011-07-15 13:00,26.7,1.7,78.0
2011-07-15 14:00,27.1,2.5,77.0
2011-07-15 15:00,25.7,1.0,95.0
2011-07-15 16:00,25.8,0.9,95.0
2011-07-15 17:00,25.2,1.5,92.0
2011-07-15 18:00,24.8,0.3,92.0
2011-07-15 19:00,24.6,0.4,91.0
2011-07-15 20:00,24.3,0.5,95.0
2011-07-15 21:00,24.2,0.5,96.0
2011-07-15 22:00,24.0,0.1,97.0
2011-07-15 23:00,23.8,0.4,97.0
2011-07-16 00:00,23.4,0.4,98.0
2011-07-16 01:00,23.2,0.0,98.0
2011-07-16 02:00,23.2,0.1,98.0
2011-07-16 03:00,23.3,0.4,98.0
2011-07-16 04:00,23.2,0.4,98.0
2011-07-16 05:00,23.0,0.8,98.0
2011-07-16 06:00,22.9,1.0,98.0
2011-07-16 07:00,22.9,0.6,98.0
2011-07-16 08:00,22.8,1.4,98.0
2011-07-16 09:00,22.9,1.2,96.0
2011-07-16 10:00,23.4,1.2,91.0
2011-07-16 11:00,25.2,1.0,82.0
2011-07-16 12:00,26.6,0.9,73.0
2011-07-16 13:00,27.3,1.4,76.0
2011-07-16 14:00,24.9,0.9,95.0
2011-07-16 15:00,24.7,0.9,95.0
2011-07-16 16:00,24.5,0.6,95.0
2011-07-16 17:00,24.4,0.2,93.0
2011-07-16 18:00,24.4,0.1,94.0
2011-07-16 19:00,24.1,0.6,96.0
2011-07-16 20:00,23.9,0.7,97.0
2011-07-16 21:00,23.7,1.0,98.0
2011-07-16 22:00,23.6,0.3,98.0
2011-07-16 23:00,23.3,1.1,98.0
2011-07-17 00:00,23.1,0.8,98.0
2011-07-17 01:00,23.0,0.1,98.0
2011-07-17 02:00,23.0,0.4,98.0
2011-07-17 03:00,22.9,0.4,98.0
2011-07-17 04:00,22.9,0.6,98.0
2011-07-17 05:00,22.9,0.1,98.0
2011-07-17 06:00,22.7,0.4,98.0
2011-07-17 07:00,23.2,0.3,98.0
2011-07-17 08:00,23.4,0.3,98.0
2011-07-17 09:00,23.9,0.8,95.0
2011-07-17 10:00,25.0,0.7,85.0
2011-07-17 11:00,25.4,1.8,87.0
2011-07-17 12:00,25.8,1.0,91.0
2011-07-17 13:00,27.7,1.0,73.0
2011-07-17 14:00,28.6,1.5,65.0
2011-07-17 15:00,28.9,1.3,64.0
2011-07-17 16:00,29.6,1.1,63.0
2011-07-17 17:00,29.9,1.0,61.0
2011-07-17 18:00,29.2,0.7,73.0
2011-07-17 19:00,28.0,2.0,85.0
2011-07-17 20:00,27.1,0.7,88.0
2011-07-17 21:00,26.4,1.2,91.0
2011-07-17 22:00,26.0,1.9,87.0
2011-07-17 23:00,25.5,0.5,91.0
2011-07-18 00:00,25.4,0.4,92.0
2011-07-18 01:00,24.9,1.2,91.0
2011-07-18 02:00,24.6,0.8,93.0
2011-07-18 03:00,24.4,1.5,91.0
2011-07-18 04:00,24.1,0.9,93.0
2011-07-18 05:00,23.7,1.7,91.0
2011-07-26 05:00,22.7,0.4,98.0
2011-07-26 06:00,22.5,0.2,98.0
2011-07-26 07:00,22.6,0.5,98.0
2011-07-26 08:00,23.2,0.4,93.0
2011-07-26 09:00,24.0,1.4,91.0
2011-07-26 10:00,25.9,0.8,76.0
2011-07-26 11:00,27.2,1.0,69.0
2011-07-26 12:00,28.6,1.2,66.0
2011-07-26 13:00,29.7,1.8,65.0
2011-07-26 14:00,29.8,1.2,64.0
2011-07-26 15:00,29.5,1.1,65.0
2011-07-26 16:00,29.0,1.0,79.0
2011-07-26 17:00,27.7,1.8,89.0
2011-07-26 18:00,26.4,0.7,95.0
2011-07-26 19:00,24.7,1.5,96.0
2011-07-26 20:00,23.4,2.0,98.0
2011-07-26 21:00,22.8,2.0,98.0
2011-07-26 22:00,22.6,2.8,98.0
2011-07-26 23:00,22.6,2.4,98.0
2011-07-27 00:00,22.5,2.1,98.0
2011-07-27 01:00,22.6,0.3,98.0
2011-07-27 02:00,22.6,1.8,98.0
2011-07-27 03:00,22.7,0.8,98.0
2011-07-27 04:00,22.4,1.7,98.0
2011-07-27 05:00,22.2,0.9,98.0
2011-07-27 06:00,21.9,0.7,98.0
2011-07-27 07:00,21.9,0.8,98.0
2011-07-27 08:00,22.0,1.0,98.0
2011-07-27 09:00,22.4,1.1,98.0
2011-07-27 10:00,23.0,0.7,98.0
2011-07-27 11:00,23.7,0.6,92.0
2011-07-27 12:00,23.9,0.7,94.0
2011-07-27 13:00,24.8,1.8,87.0
2011-07-27 14:00,24.9,1.7,85.0
2011-07-27 15:00,24.8,1.0,87.0
2011-07-27 16:00,23.8,0.9,97.0
2011-07-27 17:00,23.8,1.2,98.0
2011-07-27 18:00,23.2,1.8,98.0
2011-07-27 19:00,23.2,1.8,98.0
2011-07-27 20:00,22.7,1.4,98.0
2011-07-27 21:00,22.7,0.5,98.0
2011-07-27 22:00,22.7,1.8,98.0
2011-07-27 23:00,22.6,3.2,98.0
2011-07-28 00:00,22.3,0.5,98.0
2011-07-28 01:00,22.2,1.0,98.0
2011-07-28 02:00,22.1,0.1,98.0
2011-07-28 03:00,22.2,0.9,98.0
2011-07-28 04:00,22.3,1.2,98.0
2011-07-28 05:00,22.2,0.1,100.0
2011-07-28 06:00,22.4,1.0,100.0
2011-07-28 07:00,23.2,1.8,100.0
2011-07-28 08:00,24.2,2.5,95.0
2011-07-28 09:00,23.8,1.3,100.0
2011-07-28 10:00,24.1,1.4,99.0
2011-07-28 11:00,24.0,2.0,99.0
2011-07-28 12:00,24.1,2.3,100.0
2011-07-28 13:00,24.8,2.8,96.0
2011-07-28 14:00,25.2,2.6,94.0
2011-07-28 15:00,25.3,1.0,94.0
2011-07-28 16:00,26.0,1.4,85.0
2011-07-28 17:00,25.7,1.7,92.0
2011-07-28 18:00,25.5,0.5,94.0
2011-07-28 19:00,25.1,1.2,99.0
2011-07-28 20:00,25.0,0.9,100.0
2011-07-28 21:00,24.7,0.5,100.0
2011-07-28 22:00,24.5,0.8,100.0
2011-07-28 23:00,24.3,0.4,100.0
2011-07-29 00:00,24.0,0.5,100.0
2011-07-29 01:00,24.0,0.7,100.0
2011-07-29 02:00,24.2,1.2,100.0
2011-07-29 03:00,24.1,1.1,100.0
2011-07-29 04:00,24.0,0.2,100.0
2011-07-29 05:00,23.9,0.1,100.0
2011-07-29 06:00,23.8,0.8,100.0
2011-07-29 07:00,23.9,0.1,100.0
2011-07-29 08:00,24.7,0.5,100.0
2011-07-29 09:00,26.2,1.1,87.0
2011-07-29 10:00,26.5,1.4,83.0
2011-07-29 11:00,27.1,1.3,80.0
2011-07-29 12:00,26.7,1.4,85.0
2011-07-29 13:00,28.3,1.7,70.0
2011-07-29 14:00,29.4,0.7,66.0
2011-07-29 15:00,30.3,1.7,67.0
2011-07-29 16:00,30.8,1.4,65.0
2011-07-29 17:00,30.9,1.7,65.0
2011-07-29 18:00,30.3,1.8,70.0
2011-07-29 19:00,29.3,1.0,78.0
2011-07-29 20:00,28.0,0.1,90.0
2011-07-29 21:00,26.9,0.1,95.0
2011-07-29 22:00,26.1,0.3,98.0
2011-07-29 23:00,25.5,0.4,99.0
2011-07-30 00:00,25.2,1.1,99.0
2011-07-30 01:00,24.6,0.2,100.0
2011-07-30 02:00,24.2,0.4,100.0
2011-07-30 03:00,24.1,0.4,100.0
2011-07-30 04:00,24.2,0.3,100.0
2011-07-30 05:00,24.0,0.4,100.0
2011-07-30 06:00,23.9,0.3,100.0
2011-07-30 07:00,24.0,0.8,100.0
2011-07-30 08:00,24.4,0.4,100.0
2011-07-30 09:00,24.7,0.3,94.0
2011-07-30 10:00,25.7,1.2,87.0
2011-07-30 11:00,26.3,0.3,83.0
2011-07-30 12:00,27.2,0.9,81.0
2011-07-30 13:00,28.8,1.3,71.0
2011-07-30 14:00,30.1,1.4,62.0
2011-07-30 15:00,30.8,1.8,61.0
2011-07-30 16:00,31.0,0.9,62.0
2011-07-30 17:00,30.7,1.5,65.0
2011-07-30 18:00,30.1,0.8,68.0
2011-07-30 19:00,28.4,2.6,83.0
2011-07-30 20:00,27.5,0.9,86.0
2011-07-30 21:00,26.8,1.7,85.0
2011-07-30 22:00,26.1,0.7,87.0
2011-07-30 23:00,25.6,0.8,91.0
2011-07-31 00:00,25.2,0.7,91.0
2011-07-31 01:00,25.3,0.2,89.0
2011-07-31 02:00,25.0,0.4,94.0
2011-07-31 03:00,24.3,1.1,96.0
2011-07-31 04:00,24.0,1.0,98.0
2011-07-31 05:00,23.9,0.2,97.0
2011-07-31 06:00,23.6,0.0,99.0
2011-07-31 07:00,23.7,0.3,95.0
2011-07-31 08:00,24.3,0.8,90.0
2011-07-31 09:00,25.0,0.9,89.0
2011-07-31 10:00,25.5,0.3,85.0
2011-07-31 11:00,25.5,1.5,93.0
2011-07-31 12:00,25.9,1.1,90.0
2011-07-31 13:00,25.5,0.4,95.0
2011-07-31 14:00,26.1,0.9,89.0
2011-07-31 15:00,26.3,1.0,92.0
2011-07-31 16:00,26.1,0.3,95.0
2011-07-31 17:00,25.2,0.9,100.0
2011-07-31 18:00,24.2,1.2,100.0
2011-07-31 19:00,23.3,0.9,100.0
2011-07-31 20:00,22.7,1.0,100.0
2011-07-31 21:00,22.6,0.6,100.0
2011-07-31 22:00,22.5,0.6,100.0
2011-07-31 23:00,22.6,1.1,100.0
2011-08-01 00:00,22.6,2.1,100.0
2011-08-01 01:00,22.5,1.5,100.0
2011-08-01 02:00,22.5,0.4,100.0
2011-08-01 03:00,22.3,0.7,100.0
2011-08-01 04:00,22.2,1.1,100.0
2011-08-01 05:00,22.3,0.4,100.0
2011-08-01 06:00,22.3,1.0,100.0
2011-08-01 07:00,22.6,2.0,100.0
2011-08-01 08:00,22.9,1.6,100.0
2011-08-01 09:00,23.4,2.5,97.0
2011-08-01 10:00,23.8,2.4,94.0
2011-08-01 11:00,23.8,1.7,97.0
2011-08-01 12:00,23.9,2.0,92.0
2011-08-01 13:00,24.9,2.3,89.0
2011-08-01 14:00,25.9,2.3,82.0
2011-08-01 15:00,25.8,2.3,86.0
2011-08-01 16:00,25.3,2.1,90.0
2011-08-01 17:00,24.9,0.7,97.0
2011-08-01 18:00,24.5,1.6,99.0
2011-08-01 19:00,24.3,1.7,97.0
2011-08-01 20:00,24.1,1.2,96.0
2011-08-01 21:00,24.0,1.6,97.0
2011-08-01 22:00,23.8,1.0,96.0
2011-08-01 23:00,23.6,0.9,98.0
2011-08-02 00:00,23.5,1.0,97.0
2011-08-02 01:00,23.3,1.8,98.0
2011-08-02 02:00,23.2,0.2,98.0
2011-08-02 03:00,23.0,1.3,99.0
2011-08-02 04:00,22.7,1.8,99.0
2011-08-02 05:00,22.7,1.0,99.0
2011-08-02 06:00,22.6,1.7,99.0
2011-08-02 07:00,22.6,1.6,99.0
2011-08-02 08:00,22.7,2.3,98.0
2011-08-02 09:00,23.0,1.3,96.0
2011-08-02 10:00,23.4,1.9,93.0
2011-08-02 11:00,23.6,0.9,91.0
2011-08-02 12:00,25.0,1.2,83.0
2011-08-02 13:00,25.5,2.1,84.0
2011-08-02 14:00,26.9,2.2,76.0
2011-08-02 15:00,26.7,1.4,83.0
2011-08-02 16:00,25.3,1.4,95.0
2011-08-02 17:00,25.1,1.2,97.0
2011-08-02 18:00,24.8,1.1,96.0
2011-08-02 19:00,24.7,0.4,96.0
2011-08-02 20:00,24.0,1.5,98.0
2011-08-02 21:00,23.8,1.3,95.0
2011-08-02 22:00,23.5,1.6,96.0
2011-08-02 23:00,23.2,1.2,97.0
2011-08-03 00:00,22.8,1.1,97.0
2011-08-03 01:00,22.2,1.0,98.0
2011-08-03 02:00,21.7,1.1,99.0
2011-08-03 03:00,21.5,0.9,99.0
2011-08-03 04:00,21.4,0.3,99.0
2011-08-03 05:00,21.4,0.8,99.0
2011-08-03 06:00,21.4,0.9,99.0
2011-08-03 07:00,21.7,0.2,99.0
2011-08-03 08:00,22.7,1.5,90.0
2011-08-03 09:00,23.5,0.3,85.0
2011-08-03 10:00,24.7,0.8,78.0
2011-08-03 11:00,26.1,1.8,76.0
2011-08-03 12:00,26.7,1.7,77.0
2011-08-03 13:00,25.9,1.6,86.0
2011-08-03 14:00,27.4,2.4,75.0
2011-08-03 15:00,27.2,1.9,81.0
2011-08-03 16:00,26.9,1.9,85.0
2011-08-03 17:00,25.5,2.9,95.0
2011-08-16 08:00,23.7,0.3,97.0
2011-08-16 09:00,24.6,0.9,89.0
2011-08-16 10:00,26.0,1.0,80.0
2011-08-16 11:00,26.9,1.0,76.0
2011-08-16 12:00,27.0,2.1,78.0
2011-08-16 13:00,26.9,1.9,82.0
2011-08-16 14:00,26.7,2.5,85.0
2011-08-16 15:00,25.5,2.2,97.0
2011-08-16 16:00,25.6,1.0,98.0
2011-08-16 17:00,25.5,1.1,99.0
2011-08-16 18:00,25.6,2.0,90.0
2011-08-16 19:00,25.6,2.2,90.0
2011-08-16 20:00,25.3,0.8,93.0
2011-08-16 21:00,24.8,0.3,98.0
2011-08-16 22:00,25.0,2.0,93.0
2011-08-16 23:00,24.7,1.0,92.0
2011-08-17 00:00,24.6,1.1,94.0
2011-08-17 01:00,24.3,0.2,98.0
2011-08-17 02:00,24.1,0.4,99.0
2011-08-17 03:00,24.1,0.0,99.0
2011-08-17 04:00,24.0,0.3,99.0
2011-08-17 05:00,24.0,0.5,99.0
2011-08-17 06:00,23.9,0.2,99.0
2011-08-17 07:00,23.8,2.1,99.0
2011-08-17 08:00,22.9,2.1,98.0
2011-08-17 09:00,22.7,1.3,99.0
2011-08-17 10:00,22.4,1.5,99.0
2011-08-17 11:00,23.0,1.5,96.0
2011-08-17 12:00,23.6,2.1,88.0
2011-08-17 13:00,23.8,1.3,88.0
2011-08-17 14:00,23.6,1.2,90.0
2011-08-17 15:00,23.5,1.1,90.0
2011-08-17 16:00,23.4,1.8,91.0
2011-08-17 17:00,23.3,1.6,93.0
2011-08-17 18:00,23.5,2.0,90.0
2011-08-17 19:00,23.5,0.5,93.0
2011-08-17 20:00,23.1,1.0,91.1
2011-08-17 21:00,23.1,1.8,90.0
2011-08-17 22:00,23.1,1.1,92.0
2011-08-17 23:00,23.0,0.8,92.0
2011-08-18 00:00,22.6,0.8,92.0
2011-08-18 01:00,22.1,1.8,94.0
2011-08-18 02:00,21.7,0.2,95.0
2011-08-18 03:00,22.0,0.2,92.0
2011-08-18 04:00,22.1,2.7,91.0
2011-08-18 05:00,21.6,0.7,94.0
2011-08-18 06:00,21.0,0.5,95.0
2011-08-18 07:00,21.4,0.4,92.0
2011-08-18 08:00,22.8,1.4,85.0
2011-08-18 09:00,24.5,1.1,73.0
2011-08-18 10:00,26.3,1.2,66.0
2011-08-18 11:00,26.8,1.7,69.0
2011-08-18 12:00,27.6,0.7,64.0
2011-08-18 13:00,28.7,1.4,62.0
2011-08-18 14:00,28.9,1.3,64.0
2011-08-18 15:00,29.4,0.8,58.0
2011-08-18 16:00,29.5,1.5,61.0
2011-08-18 17:00,28.3,2.9,69.0
2011-08-18 18:00,27.4,1.1,73.0
2011-08-18 19:00,26.3,1.0,78.0
2011-08-18 20:00,25.7,0.9,86.0
2011-08-18 21:00,25.0,1.0,85.0
2011-08-18 22:00,24.0,1.4,90.0
2011-08-18 23:00,23.5,1.6,92.0
2011-08-19 00:00,23.0,1.1,92.0
2011-08-19 01:00,22.6,1.1,92.0
2011-08-19 02:00,22.1,0.8,92.0
2011-08-19 03:00,21.9,0.7,92.0
2011-08-19 04:00,21.7,1.3,92.0
2011-08-19 05:00,21.4,0.3,91.0
2011-08-19 06:00,21.1,0.8,92.0
2011-08-19 07:00,21.4,0.3,90.0
2011-08-19 08:00,22.1,1.1,85.0
2011-08-19 09:00,22.6,0.9,81.0
2011-08-19 10:00,23.3,0.8,77.0
2011-08-19 11:00,24.3,0.6,74.0
2011-08-19 12:00,25.8,0.9,70.0
2011-08-19 13:00,27.4,1.5,63.0
2011-08-19 14:00,28.9,1.2,59.0
2011-08-19 15:00,28.8,1.3,59.0
2011-08-19 16:00,28.7,1.4,60.0
2011-08-19 17:00,28.3,0.9,63.0
2011-08-19 18:00,27.6,1.1,73.0
2011-08-19 19:00,26.7,0.1,83.0
2011-08-19 20:00,25.7,1.4,86.0
2011-08-19 21:00,25.2,0.7,88.0
2011-08-19 22:00,24.4,0.7,91.0
2011-08-19 23:00,24.3,0.2,88.0
2011-08-20 00:00,23.7,0.7,93.0
2011-08-20 01:00,23.3,0.8,91.0
2011-08-20 02:00,22.9,0.6,93.0
2011-08-20 03:00,22.8,0.6,93.0
2011-08-20 04:00,22.5,1.2,92.0
2011-08-20 05:00,22.3,1.2,91.0
2011-08-20 06:00,22.2,0.5,91.0
2011-08-20 07:00,22.3,0.6,89.0
2011-08-20 08:00,22.7,0.5,87.0
2011-08-20 09:00,23.5,1.0,82.0
2011-08-20 10:00,24.5,0.6,76.0
2011-08-20 11:00,25.4,0.9,71.0
2011-08-20 12:00,26.5,1.3,65.0
2011-08-20 13:00,27.8,1.3,59.0
2011-08-20 14:00,28.1,1.6,61.0
2011-08-20 15:00,29.4,1.7,54.0
2011-08-20 16:00,27.2,3.5,70.0
2011-08-20 17:00,25.8,1.3,76.0
2011-08-20 18:00,25.6,2.3,67.0
2011-08-20 19:00,24.2,0.8,72.0
2011-08-20 20:00,23.2,0.3,82.0
2011-08-20 21:00,22.6,0.8,85.0
2011-08-20 22:00,22.0,0.9,88.0
2011-08-20 23:00,21.5,0.0,92.0
2011-08-21 00:00,21.1,0.5,93.0
2011-08-21 01:00,20.6,0.5,93.0
2011-08-21 02:00,20.8,0.7,92.0
2011-08-21 03:00,20.5,0.3,94.0
2011-08-21 04:00,20.3,0.6,95.0
2011-08-21 05:00,20.5,0.0,95.0
2011-08-21 06:00,20.6,0.9,94.0
2011-08-21 07:00,21.0,1.1,87.0
2011-08-21 08:00,21.9,1.0,77.0
2011-08-21 09:00,22.8,1.0,71.0
2011-08-21 10:00,24.2,0.7,66.0
2011-08-21 11:00,25.6,1.4,61.0
2011-08-21 12:00,27.1,1.4,56.0
2012-07-05 07:00,21.8,0.4,89.0
2012-07-05 08:00,22.2,0.0,87.0
2012-07-05 09:00,22.9,0.9,88.0
2012-07-05 10:00,23.9,0.3,78.0
2012-07-05 11:00,24.5,1.3,71.0
2012-07-05 12:00,25.4,1.9,69.0
2012-07-05 13:00,26.0,1.4,72.0
2012-07-05 14:00,26.3,0.6,70.0
2012-07-05 15:00,26.3,1.8,73.0
2012-07-05 16:00,25.8,1.6,74.0
2012-07-05 17:00,25.7,0.7,76.0
2012-07-05 18:00,24.8,2.2,76.0
2012-07-05 19:00,23.9,1.4,84.0
2012-07-05 20:00,23.3,0.6,85.0
2012-07-05 21:00,22.7,0.7,90.0
2012-07-05 22:00,22.4,0.3,92.0
2012-07-05 23:00,22.0,1.4,94.0
2012-07-06 00:00,22.0,0.6,94.0
2012-07-06 01:00,21.7,0.2,95.0
2012-07-06 02:00,21.5,1.1,95.0
2012-07-06 03:00,21.4,1.5,93.0
2012-07-06 04:00,20.9,1.4,94.0
2012-07-06 05:00,20.6,1.6,93.0
2012-07-06 06:00,20.6,0.9,94.0
2012-07-06 07:00,20.9,0.1,95.0
2012-07-06 08:00,21.3,1.3,94.0
2012-07-06 09:00,21.9,0.4,90.0
2012-07-06 10:00,23.2,1.2,79.0
2012-07-06 11:00,23.5,1.4,74.0
2012-07-06 12:00,23.4,1.6,77.0
2012-07-06 13:00,22.7,1.7,85.0
2012-07-06 14:00,22.8,0.8,81.0
2012-07-06 15:00,22.3,1.4,87.0
2012-07-06 16:00,21.5,2.4,84.0
2012-07-06 17:00,21.1,2.7,86.0
2012-07-06 18:00,21.3,1.5,83.0
2012-07-06 19:00,21.3,1.1,83.0
2012-07-06 20:00,21.1,1.6,85.0
2012-07-06 21:00,20.6,0.6,90.0
2012-07-06 22:00,20.2,0.8,92.0
2012-07-06 23:00,19.8,0.2,93.0
2012-07-07 00:00,19.2,1.0,93.0
2012-07-07 01:00,18.9,0.5,94.0
2012-07-07 02:00,18.6,0.7,95.0
2012-07-07 03:00,18.5,0.4,94.0
2012-07-07 04:00,18.0,0.5,95.0
2012-07-07 05:00,18.0,0.3,95.0
2012-07-07 06:00,18.0,0.5,95.0
2012-07-07 07:00,18.4,0.3,94.0
2012-07-07 08:00,19.4,0.4,85.0
2012-07-07 09:00,21.7,0.6,72.0
2012-07-07 10:00,23.5,1.1,64.0
2012-07-07 11:00,24.7,1.6,62.0
2012-07-07 12:00,26.0,1.0,57.0
2012-07-07 13:00,27.2,0.9,49.0
2012-07-07 14:00,28.1,2.1,47.0
2012-07-07 15:00,29.0,1.4,41.0
2012-07-07 16:00,29.7,1.8,42.0
2012-07-07 17:00,30.1,0.6,40.0
2012-07-07 18:00,30.3,0.8,42.0
2012-07-07 19:00,29.3,2.0,50.0
2012-07-07 20:00,27.2,1.2,72.0
2012-07-07 21:00,25.3,0.0,78.0
2012-07-07 22:00,23.7,0.5,86.0
2012-07-07 23:00,23.0,0.7,86.0
2012-07-13 04:00,23.2,1.6,92.0
2012-07-13 05:00,21.9,1.3,95.0
2012-07-13 06:00,21.6,0.6,96.0
2012-07-13 07:00,21.8,1.3,96.0
2012-07-13 08:00,22.3,1.1,94.0
2012-07-13 09:00,22.9,0.3,90.0
2012-07-13 10:00,24.0,0.7,85.0
2012-07-13 11:00,25.4,1.2,77.0
2012-07-13 12:00,26.6,0.9,71.0
2012-07-13 13:00,28.1,1.0,57.0
2012-07-13 14:00,28.7,1.3,59.0
2012-07-13 15:00,28.2,1.0,65.0
2012-07-13 16:00,28.7,1.5,63.0
2012-07-13 17:00,28.4,2.9,75.0
2012-07-13 18:00,27.3,2.6,77.0
2012-07-13 19:00,26.6,2.1,80.0
2012-07-13 20:00,26.1,1.0,82.0
2012-07-13 21:00,25.0,1.3,80.0
2012-07-13 22:00,23.9,1.6,88.0
2012-07-13 23:00,23.0,1.3,92.0
2012-07-14 00:00,22.2,1.3,95.0
2012-07-14 01:00,21.9,1.1,93.0
2012-07-14 02:00,22.1,0.6,92.0
2012-07-14 03:00,22.1,0.5,94.0
2012-07-14 04:00,21.9,1.2,92.0
2012-07-14 05:00,21.9,0.6,92.0
2012-07-14 06:00,21.6,1.1,89.0
2012-07-14 07:00,21.7,1.3,86.0
2012-07-14 08:00,22.4,1.4,80.0
2012-07-14 09:00,23.1,2.0,73.0
2012-07-14 10:00,23.4,1.1,72.0
2012-07-14 11:00,24.2,1.8,68.0
2012-07-14 12:00,24.2,1.5,69.0
2012-07-14 13:00,23.3,1.3,84.0
2012-07-14 14:00,23.5,0.9,79.0
2012-07-14 15:00,23.5,1.9,74.0
2012-07-14 16:00,23.0,2.3,71.0
2012-07-14 17:00,22.2,3.1,87.0
2012-07-14 18:00,21.7,3.1,86.0
2012-07-14 19:00,21.2,2.5,86.0
2012-07-14 20:00,20.9,2.0,88.0
2012-07-14 21:00,20.8,1.6,85.0
2012-07-14 22:00,20.8,0.8,84.0
2012-07-14 23:00,20.1,2.5,92.0
2012-07-15 00:00,19.8,2.6,90.0
2012-07-15 01:00,19.7,1.1,92.0
2012-07-15 02:00,19.5,1.8,91.0
2012-07-15 03:00,19.3,1.5,92.0
2012-07-15 04:00,19.1,1.1,94.0
2012-07-15 05:00,19.0,0.8,95.0
2012-07-15 06:00,18.8,2.2,94.0
2012-07-15 07:00,18.8,1.7,94.0
2012-07-15 08:00,19.1,2.4,89.0
2012-07-15 09:00,19.3,1.3,93.0
2012-07-15 10:00,19.4,1.4,94.0
2012-07-15 11:00,19.9,2.2,91.0
2012-07-15 12:00,20.4,1.4,89.0
2012-07-15 13:00,20.2,2.4,92.0
2012-07-15 14:00,20.2,2.2,93.0
2012-07-15 15:00,20.4,2.3,90.0
2012-07-15 16:00,20.4,2.3,88.0
2012-07-15 17:00,20.3,2.8,88.0
2012-07-15 18:00,20.0,2.0,91.0
2012-07-15 19:00,19.8,1.8,91.0
2012-07-15 20:00,19.4,2.7,93.0
2012-07-15 21:00,19.3,1.9,92.0
2012-07-15 22:00,19.1,1.7,94.0
2012-07-15 23:00,19.1,2.5,90.0
2012-07-16 00:00,19.2,1.7,90.0
2012-07-16 01:00,18.9,1.8,93.0
2012-07-16 02:00,18.8,1.8,93.0
2012-07-16 03:00,18.7,1.5,95.0
2012-07-16 04:00,18.7,1.6,95.0
2012-07-16 05:00,18.7,1.4,95.0
2012-07-16 06:00,18.7,1.4,95.0
2012-07-16 07:00,19.0,1.0,93.0
2012-07-16 08:00,19.2,1.3,94.0
2012-07-16 09:00,19.7,2.3,91.0
2012-07-16 10:00,20.4,1.8,87.0
2012-07-16 11:00,21.5,1.0,83.0
2012-07-16 12:00,22.4,0.1,79.0
2012-07-16 13:00,23.5,1.2,78.0
2012-07-16 14:00,23.9,0.5,75.0
2012-07-16 15:00,24.1,1.4,76.0
2012-07-16 16:00,24.4,1.3,76.0
2012-07-16 17:00,24.6,0.8,71.0
2012-07-16 18:00,24.7,0.9,74.0
2012-07-16 19:00,24.5,0.4,76.0
2012-07-16 20:00,23.8,0.0,85.0
2012-07-16 21:00,22.9,0.1,92.0
2012-07-16 22:00,22.3,0.5,94.0
2012-07-16 23:00,21.8,0.8,93.0
2012-07-17 00:00,21.4,0.4,94.0
2012-07-17 01:00,20.9,0.6,95.0
2012-07-17 02:00,20.7,0.5,95.0
2012-08-14 22:00,26.5,0.0,83.0
2012-08-14 23:00,26.3,1.0,82.0
2012-08-15 00:00,25.1,1.0,95.0
2012-08-15 01:00,24.7,0.5,95.0
2012-08-15 02:00,24.5,0.2,96.0
2012-08-15 03:00,24.2,0.9,96.0
2012-08-15 04:00,24.3,1.6,94.0
2012-08-15 05:00,24.7,2.8,89.0
2012-08-15 06:00,24.6,3.1,90.0
2012-08-15 07:00,24.7,2.1,92.0
2012-08-15 08:00,24.8,3.6,90.0
2012-08-15 09:00,24.9,3.0,87.0
2012-08-15 10:00,25.3,2.3,83.0
2012-08-15 11:00,26.0,3.3,80.0
2012-08-15 12:00,25.9,2.8,85.0
2012-08-15 13:00,24.8,2.8,95.0
2012-08-15 14:00,23.9,1.4,97.0
2012-08-15 15:00,23.6,2.4,97.0
2012-08-15 16:00,23.6,1.2,95.0
2012-08-15 17:00,23.5,1.1,97.0
2012-08-15 18:00,23.6,1.0,97.0
2012-08-15 19:00,23.9,0.6,95.0
2012-08-15 20:00,23.9,0.4,96.0
2012-08-15 21:00,23.6,1.5,91.0
2012-08-15 22:00,23.5,0.6,88.0
2012-08-15 23:00,23.1,0.4,90.0
2012-08-16 00:00,22.6,0.6,95.0
2012-08-16 01:00,22.1,0.9,97.0
2012-08-16 02:00,21.7,0.4,97.0
2012-08-16 03:00,21.6,0.3,97.0
2012-08-16 04:00,21.6,0.2,98.0
2012-08-16 05:00,21.7,0.3,98.0
2012-08-16 06:00,21.8,0.4,97.0
2012-08-16 07:00,22.0,0.1,97.0
2012-08-16 08:00,22.5,0.8,94.0
2012-08-16 09:00,23.4,0.3,85.0
2012-08-16 10:00,24.4,0.4,80.0
2012-08-16 11:00,25.1,1.0,82.0
2012-08-16 12:00,25.6,0.5,80.0
2012-08-16 13:00,26.7,0.9,73.0
2012-08-16 14:00,27.6,0.5,68.0
2012-08-16 15:00,28.3,0.9,71.0
2012-08-16 16:00,28.4,0.6,69.0
2012-08-16 17:00,27.7,2.0,79.0
2012-08-16 18:00,27.2,1.1,80.0
2012-08-16 19:00,26.7,1.5,76.0
2012-08-16 20:00,25.4,1.5,77.0
2012-08-16 21:00,24.8,1.8,76.0
2012-08-16 22:00,24.4,1.8,74.0
2012-08-16 23:00,24.1,0.9,79.0
2012-08-17 00:00,23.4,0.8,81.0
2012-08-17 01:00,22.7,0.6,93.0
2012-08-17 02:00,22.4,1.2,92.0
2012-08-17 03:00,22.4,0.9,92.0
2012-08-17 04:00,22.4,0.5,89.0
2012-08-17 05:00,22.6,0.2,90.0
2012-08-17 06:00,22.7,0.0,91.0
2012-08-17 07:00,22.8,1.0,91.0
2012-08-17 08:00,23.2,2.1,90.0
2012-08-17 09:00,23.6,0.8,87.0
2012-08-17 10:00,24.3,1.4,82.0
2012-08-17 11:00,25.8,0.9,74.0
2012-08-17 12:00,27.3,1.1,70.0
2012-08-17 13:00,28.9,0.9,64.0
2012-08-17 14:00,30.3,1.4,63.0
2012-08-17 15:00,31.2,1.5,61.0
2012-08-17 16:00,31.2,0.7,63.0
2012-08-17 17:00,31.7,1.5,61.0
2012-08-17 18:00,29.8,2.6,72.0
2012-08-17 19:00,29.0,1.4,73.0
2012-08-17 20:00,27.6,0.9,92.0
2012-08-17 21:00,26.4,0.7,95.0
2012-08-17 22:00,26.0,0.4,96.0
2012-08-17 23:00,25.5,0.5,97.0
2012-08-18 00:00,25.3,0.2,97.0
2012-08-18 01:00,25.1,0.2,97.0
2012-08-18 02:00,24.8,0.3,97.0
2012-08-18 03:00,24.6,0.4,97.0
2012-08-18 04:00,24.6,0.2,97.0
2012-08-18 05:00,24.4,0.5,97.0
2012-08-18 06:00,24.4,0.3,98.0
2012-08-18 07:00,24.5,0.0,98.0
2012-08-18 08:00,24.9,0.6,96.0
2012-08-18 09:00,25.6,0.5,90.0
2012-08-18 10:00,26.7,1.2,86.0
2012-08-18 11:00,27.7,0.8,79.0
2012-08-18 12:00,27.9,0.9,82.0
2012-08-18 13:00,28.0,0.6,85.0
2012-08-18 14:00,28.1,0.7,83.0
2012-08-18 15:00,28.0,0.2,85.0
2012-08-18 16:00,27.9,1.1,88.0
2012-08-18 17:00,27.8,0.9,88.0
2012-08-18 18:00,27.8,0.3,90.0
2012-08-18 19:00,27.5,1.2,84.0
2012-08-18 20:00,27.1,1.1,90.0
2012-08-18 21:00,26.5,0.1,95.0
2012-08-18 22:00,26.1,0.4,96.0
2012-08-18 23:00,25.9,0.9,96.0
2012-08-19 00:00,25.6,0.1,97.0
2012-08-19 01:00,25.4,0.7,97.0
2012-08-19 02:00,26.3,1.8,83.0
2012-08-19 03:00,26.4,2.2,85.0
2012-08-19 04:00,26.2,2.0,87.0
2012-08-19 05:00,26.0,1.3,85.0
2012-08-19 06:00,25.4,0.9,94.0
2012-08-19 07:00,25.3,0.1,96.0
2012-08-19 08:00,26.0,0.5,92.0
2012-08-19 09:00,26.6,0.2,88.0
2012-08-19 10:00,27.7,2.5,78.0
2012-08-19 11:00,28.1,3.0,78.0
2012-08-19 12:00,28.7,2.6,77.0
2012-08-19 13:00,30.0,3.0,69.0
2012-08-19 14:00,30.7,2.2,66.0
2012-08-19 15:00,30.0,3.2,69.0
2012-08-19 16:00,29.8,2.1,73.0
2012-08-19 17:00,29.5,1.6,76.0
2012-08-19 18:00,29.0,1.6,77.0
2012-08-19 19:00,28.7,1.3,75.0
2012-08-19 20:00,28.4,1.3,78.0
2012-08-19 21:00,28.0,1.2,80.0
2012-08-19 22:00,26.9,0.4,93.0
2012-08-19 23:00,26.5,0.3,96.0
2012-08-20 00:00,26.1,0.5,96.0
2012-08-20 01:00,26.0,0.1,96.0
2012-08-20 02:00,25.8,0.2,97.0
2012-08-20 03:00,25.5,0.3,97.0
2012-08-20 04:00,25.4,0.4,97.0
2012-08-20 05:00,25.4,1.9,97.0
2012-08-20 06:00,25.4,1.7,93.0
2012-08-20 07:00,25.2,1.0,89.0
2012-08-20 08:00,25.1,1.5,85.0
2012-08-20 09:00,25.2,1.4,93.0
2012-08-20 10:00,25.5,0.6,89.0
2012-08-20 11:00,25.9,1.8,89.0
2012-08-20 12:00,26.4,0.7,89.0
2012-08-20 13:00,25.8,0.5,96.0
2012-08-20 14:00,25.7,1.4,95.0
2012-08-20 15:00,25.9,0.7,95.0
2012-08-20 16:00,25.4,2.7,96.0
2012-08-20 17:00,25.7,2.1,89.0
2012-08-20 18:00,25.5,1.3,90.0
2012-08-20 19:00,25.1,1.2,94.0
2012-08-20 20:00,24.8,0.3,97.0
2012-08-20 21:00,24.5,1.3,98.0
2012-08-20 22:00,24.4,0.1,98.0
2012-08-20 23:00,24.2,1.3,97.0
2012-08-21 00:00,24.0,0.6,97.0
2012-08-21 01:00,23.8,1.3,97.0
2012-08-21 02:00,23.5,3.2,97.0
2012-08-21 03:00,23.5,0.7,98.0
2012-08-21 04:00,23.2,1.1,98.0
2012-08-21 05:00,23.1,0.0,98.0
2012-08-21 06:00,23.1,0.5,98.0
2012-08-21 07:00,23.0,2.1,98.0
2012-08-21 08:00,23.2,0.4,98.0
2012-08-21 09:00,23.8,0.6,97.0
2012-08-21 10:00,24.2,0.1,96.0
2012-08-21 11:00,25.5,0.6,91.0
2012-08-21 12:00,26.8,1.1,79.0
2012-08-21 13:00,27.7,1.9,76.0
2012-08-21 14:00,27.8,1.6,75.0
2012-08-21 15:00,28.0,0.6,76.0
2012-08-21 16:00,28.4,1.2,75.0
2012-08-21 17:00,29.2,1.5,71.0
2012-08-21 18:00,27.6,2.0,78.0
2012-08-21 19:00,26.6,1.8,78.0
2012-08-21 20:00,26.3,1.3,79.0
2012-08-21 21:00,25.8,1.1,83.0
2012-08-21 22:00,25.5,1.3,85.0
2012-08-21 23:00,25.3,1.3,86.0
2012-08-22 00:00,24.9,0.1,95.0
2012-08-22 01:00,24.8,0.8,89.0
2012-08-22 02:00,24.7,0.4,90.0
2012-08-22 03:00,24.7,1.4,87.0
2012-08-22 04:00,24.8,1.8,84.0
2012-08-22 05:00,24.3,1.9,93.0
2012-08-22 06:00,24.1,1.6,92.0
2012-08-22 07:00,24.1,1.4,92.0
2012-08-22 08:00,23.4,1.9,93.0
2012-08-22 09:00,22.6,0.4,93.0
2012-08-22 10:00,22.5,0.1,91.0
2012-08-22 11:00,22.4,0.7,93.0
2012-08-22 12:00,22.3,0.7,85.0
2012-08-22 13:00,22.7,0.6,84.0
2012-08-22 14:00,23.4,0.9,77.0
2012-08-22 15:00,24.2,1.0,74.0
2012-08-22 16:00,25.0,1.8,76.0
2012-08-22 17:00,24.5,1.6,77.0
2012-08-22 18:00,23.9,1.6,81.0
2012-08-22 19:00,23.5,1.0,82.0
2012-08-22 20:00,22.8,0.2,92.0
2012-08-22 21:00,22.2,0.4,95.0
2012-08-22 22:00,21.6,1.5,95.0
2012-08-22 23:00,21.3,0.4,94.0
2012-08-23 00:00,20.9,1.1,95.0
2012-08-23 01:00,20.9,0.2,94.0
2012-08-23 02:00,21.0,1.1,93.0
2012-08-23 03:00,21.1,1.1,92.0
2012-08-23 04:00,21.8,2.7,78.0
2012-08-23 05:00,21.7,3.2,73.0
2012-08-23 06:00,21.1,1.2,82.0
2012-08-23 07:00,20.9,2.1,75.0
2012-08-23 08:00,20.8,1.5,77.0
2012-08-23 09:00,21.0,1.9,71.0
2012-08-23 10:00,21.0,1.5,79.0
2012-08-23 11:00,21.5,1.2,71.0
2012-08-23 12:00,22.0,1.7,68.0
2012-08-23 13:00,22.4,2.0,69.0
2012-08-23 14:00,22.8,1.4,71.0
2012-08-23 15:00,23.9,2.3,68.0
2012-08-23 16:00,24.7,2.2,62.0
2012-08-23 17:00,24.3,1.5,68.0
2012-08-23 18:00,23.6,1.5,70.0
2012-08-23 19:00,22.9,1.1,75.0
2012-08-23 20:00,21.7,0.6,83.0
2012-08-23 21:00,20.8,0.7,90.0
2012-08-23 22:00,20.1,1.0,91.0
2012-08-23 23:00,19.5,0.5,92.0
2012-08-24 00:00,18.9,1.0,95.0
2012-08-24 01:00,18.8,1.4,95.0
2012-08-24 02:00,18.5,1.5,95.0
2012-08-24 03:00,18.4,1.3,95.0
2012-08-24 04:00,18.5,1.6,95.0
2012-08-24 05:00,18.6,1.3,94.0
2012-08-24 06:00,18.7,1.1,93.0
2012-08-24 07:00,18.9,1.7,89.0
2012-08-24 08:00,19.8,2.1,84.0
2012-08-24 09:00,21.3,1.9,76.0
2012-08-24 10:00,21.7,2.2,74.0
2012-08-24 11:00,21.8,1.3,76.0
2012-08-24 12:00,22.7,1.7,67.0
2012-08-24 13:00,23.5,1.4,70.0
2012-08-24 14:00,24.2,1.6,71.0
2012-08-24 15:00,24.2,1.1,75.0
2012-08-24 16:00,23.9,1.4,78.0
2012-08-24 17:00,24.3,1.0,74.0
2012-08-24 18:00,23.9,1.0,76.0
2012-08-24 19:00,23.5,1.0,77.0
2012-08-24 20:00,22.9,0.7,80.0
2012-08-24 21:00,22.6,1.2,80.0
2012-08-24 22:00,22.3,1.8,83.0
2012-08-24 23:00,22.0,0.8,88.0
2012-08-25 00:00,21.6,1.5,88.0
2012-08-25 01:00,21.4,0.1,92.0
2012-08-25 02:00,21.2,1.0,93.0
2012-08-25 03:00,21.0,1.7,96.0
2012-08-25 04:00,20.9,2.5,94.0
2012-08-25 05:00,20.7,0.5,95.0
2012-08-25 06:00,20.5,0.7,98.0
2012-08-25 07:00,20.4,1.0,98.0
2012-08-25 08:00,20.7,1.9,96.0
2012-08-25 09:00,21.3,0.5,95.0
2012-08-25 10:00,21.8,0.3,93.0
2012-08-25 11:00,22.2,1.1,93.0
2012-08-25 12:00,22.7,1.1,92.0
2012-08-25 13:00,23.8,0.8,88.0
2012-08-25 14:00,25.1,1.2,83.0
2012-08-25 15:00,26.3,0.7,75.0
2012-08-25 16:00,26.9,1.0,81.0
2012-08-25 17:00,27.5,1.2,76.0
2012-08-25 18:00,26.7,0.7,86.0
2012-08-25 19:00,26.2,0.4,90.0
2012-08-25 20:00,25.1,0.9,94.0
2012-08-25 21:00,24.6,0.2,95.0
2012-08-30 01:00,23.1,0.3,95.0
2012-08-30 02:00,22.8,0.2,95.0
2012-08-30 03:00,22.4,0.0,97.0
2012-08-30 04:00,22.3,0.8,97.0
2012-08-30 05:00,22.1,0.3,98.0
2012-08-30 06:00,21.9,0.0,98.0
2012-08-30 07:00,22.0,0.1,98.0
2012-08-30 08:00,22.0,0.1,98.0
2012-08-30 09:00,22.1,0.3,98.0
2012-08-30 10:00,22.4,1.4,98.0
2012-08-30 11:00,22.7,1.3,97.0
2012-08-30 12:00,22.7,0.3,96.0
2012-08-30 13:00,22.4,2.2,97.0
2012-08-30 14:00,22.3,1.9,95.0
2012-08-30 15:00,21.8,4.0,92.0
2012-08-30 16:00,20.0,5.0,89.0
2012-08-30 17:00,19.6,3.2,93.0
2012-08-30 18:00,19.4,2.4,97.0
2012-08-30 19:00,18.8,3.3,94.0
2012-08-30 20:00,18.5,0.8,98.0
2012-08-30 21:00,18.5,0.5,96.0
2012-08-30 22:00,18.5,0.2,97.0
2012-08-30 23:00,18.3,1.1,95.0
2012-08-31 00:00,18.4,2.4,89.0
2012-08-31 01:00,18.3,0.4,96.0
2012-08-31 02:00,18.1,0.1,96.0
2012-08-31 03:00,18.0,0.4,97.0
2012-08-31 04:00,17.9,0.1,97.0
2012-08-31 05:00,17.8,0.5,97.0
2012-08-31 06:00,17.6,0.7,98.0
2012-08-31 07:00,17.5,0.5,98.0
2012-08-31 08:00,18.0,0.3,95.0
2012-08-31 09:00,18.9,0.2,90.0
2012-08-31 10:00,21.7,1.0,70.0
2012-08-31 11:00,23.6,1.4,57.0
2012-08-31 12:00,25.5,1.4,52.0
2012-08-31 13:00,26.7,2.0,52.0
2012-08-31 14:00,27.6,1.9,50.0
2012-08-31 15:00,28.0,2.2,52.0
2012-08-31 16:00,26.0,1.9,69.0
2012-08-31 17:00,25.6,0.3,68.0
2012-08-31 18:00,25.2,1.5,77.0
2012-08-31 19:00,22.9,1.9,87.0
2012-08-31 20:00,21.8,0.7,94.0
2012-08-31 21:00,21.5,0.4,96.0
2012-08-31 22:00,21.2,0.6,97.0
2012-08-31 23:00,20.7,0.5,98.0
2012-09-01 00:00,20.0,0.8,98.0
2012-09-01 01:00,19.4,0.8,99.0
2012-09-01 02:00,19.6,0.8,98.0
2012-09-01 03:00,19.4,0.5,98.0
2012-09-01 04:00,19.0,0.2,97.0
2012-09-01 05:00,18.8,0.1,98.0
2012-09-01 06:00,18.7,0.5,99.0
2012-09-01 07:00,18.6,0.1,99.0
2012-09-01 08:00,19.4,0.9,95.0
2012-09-01 09:00,20.6,0.2,85.0
2012-09-01 10:00,21.6,0.5,79.0
2012-09-01 11:00,23.5,1.1,69.0
2012-09-01 12:00,25.5,1.1,57.0
2012-09-01 13:00,26.7,1.7,60.0
2012-09-01 14:00,27.7,1.5,58.0
2012-09-01 15:00,27.4,1.7,59.0
2012-09-01 16:00,26.0,1.9,67.0
2012-09-01 17:00,23.9,1.5,85.0
2012-09-01 18:00,23.4,1.0,86.0
2012-09-01 19:00,22.9,0.9,92.0
2012-09-01 20:00,21.8,1.3,96.0
2012-09-01 21:00,21.0,0.8,97.0
2012-09-01 22:00,21.0,0.3,96.0
2012-09-01 23:00,20.8,0.8,96.0
2012-09-02 00:00,20.4,1.5,96.0
2012-09-02 01:00,19.6,0.2,98.0
2012-09-02 02:00,19.2,1.0,97.0
2012-09-02 03:00,19.1,0.5,97.0
2012-09-02 04:00,18.7,0.5,98.0
2012-09-02 05:00,19.0,0.9,98.0
2012-09-02 06:00,18.9,1.2,98.0
2012-09-02 07:00,19.6,0.6,93.0
2012-09-02 08:00,20.6,1.2,90.0
2012-09-02 09:00,22.2,1.1,82.0
2012-09-02 10:00,24.0,1.8,77.0
2012-09-02 11:00,25.8,1.4,68.0
2012-09-02 12:00,26.0,0.9,64.0
2013-07-07 14:00,29.0,1.5,63.0
2013-07-07 15:00,27.1,1.8,76.0
2013-07-07 16:00,26.3,2.8,77.0
2013-07-07 17:00,25.8,1.7,83.0
2013-07-07 18:00,25.3,0.9,92.0
2013-07-07 19:00,25.0,0.6,94.0
2013-07-07 20:00,25.0,1.0,89.0
2013-07-07 21:00,25.0,1.1,85.0
2013-07-07 22:00,24.9,1.0,87.0
2013-07-07 23:00,24.7,1.0,88.0
2013-07-08 0:00,24.4,0.1,95.0
2013-07-08 1:00,24.3,0.5,95.0
2013-07-08 2:00,24.3,0.6,96.0
2013-07-08 3:00,24.0,0.6,96.0
2013-07-08 4:00,23.8,0.4,96.0
2013-07-08 5:00,22.8,2.7,93.0
2013-07-08 6:00,22.4,1.1,95.0
2013-07-08 7:00,22.4,0.4,95.0
2013-07-08 8:00,22.8,0.1,93.0
2013-07-08 9:00,23.0,0.4,94.0
2013-07-08 10:00,23.4,0.1,93.0
2013-07-08 11:00,23.6,0.2,94.0
2013-07-08 12:00,24.1,3.5,94.0
2013-07-08 13:00,23.6,0.4,90.0
2013-07-08 14:00,23.7,0.6,94.0
2013-07-08 15:00,23.1,1.0,96.0
2013-07-08 16:00,23.2,0.8,94.0
2013-07-08 17:00,23.2,1.1,95.0
2013-07-08 18:00,23.0,0.7,96.0
2013-07-08 19:00,23.0,0.5,96.0
2013-07-08 20:00,23.0,0.0,96.0
2013-07-08 21:00,23.0,0.7,96.0
2013-07-08 22:00,23.2,0.2,96.0
2013-07-08 23:00,23.5,0.4,96.0
2013-07-09 0:00,24.0,1.0,96.0
2013-07-09 1:00,24.0,2.3,94.0
2013-07-09 2:00,24.0,1.0,94.0
2013-07-09 3:00,23.9,0.9,95.0
2013-07-09 4:00,23.9,0.4,95.0
2013-07-09 5:00,23.8,0.6,96.0
2013-07-09 6:00,23.8,1.5,95.0
2013-07-09 7:00,24.0,0.9,95.0
2013-07-09 8:00,24.2,0.8,93.0
2013-07-09 9:00,24.5,1.5,89.0
2013-07-09 10:00,25.1,1.5,82.0
2013-07-09 11:00,26.9,1.7,71.0
2013-07-09 12:00,28.3,2.2,63.0
2013-07-09 13:00,29.1,2.1,60.0
2013-07-09 14:00,29.7,3.4,57.0
2013-07-09 15:00,30.2,2.8,58.0
2013-07-09 16:00,29.7,3.0,64.0
2013-07-09 17:00,29.2,3.5,65.0
2013-07-09 18:00,28.4,3.2,68.0
2013-07-09 19:00,28.1,1.6,70.0
2013-07-09 20:00,26.8,1.9,73.0
2013-07-09 21:00,26.2,2.0,75.0
2013-07-09 22:00,25.8,2.1,77.0
2013-07-09 23:00,25.8,0.1,77.0
2013-07-10 0:00,25.4,0.2,88.0
2013-07-10 1:00,25.1,0.0,87.0
2013-07-10 2:00,24.7,0.1,91.0
2013-07-10 3:00,24.7,0.4,91.0
2013-07-10 4:00,24.0,0.2,96.0
2013-07-10 5:00,23.9,0.7,96.0
2013-07-10 6:00,24.0,0.7,96.0
2013-07-10 7:00,24.3,0.5,96.0
2013-07-10 8:00,24.5,0.7,96.0
2013-07-10 9:00,24.8,0.2,94.0
2013-07-10 10:00,25.5,1.3,88.0
2013-07-10 11:00,25.4,0.7,87.0
2013-07-10 12:00,25.5,1.6,85.0
2013-07-10 13:00,26.2,2.6,81.0
2013-07-10 14:00,26.3,1.4,81.0
2013-07-10 15:00,25.6,1.3,86.0
2013-07-10 16:00,25.7,0.7,86.0
2013-07-10 17:00,25.7,0.8,87.0
2013-07-10 18:00,25.6,0.3,88.0
2013-07-10 19:00,25.5,0.7,90.0
2013-07-10 20:00,25.3,0.7,92.0
2013-07-10 21:00,25.2,0.3,92.0
2013-07-10 22:00,25.2,0.7,93.0
2013-07-10 23:00,25.1,0.7,94.0
2013-07-11 0:00,25.0,0.3,94.0
2013-07-11 1:00,24.9,0.5,94.0
2013-07-11 2:00,25.0,0.1,93.0
2013-07-11 3:00,25.2,0.4,83.0
2013-07-11 4:00,25.1,0.6,84.0
2013-07-11 5:00,25.0,0.1,89.0
2013-07-11 6:00,25.2,1.1,84.0
2013-07-11 7:00,25.2,1.1,85.0
2013-07-11 8:00,25.2,0.0,88.0
2013-07-11 9:00,25.3,2.4,87.0
2013-07-11 10:00,25.0,1.9,89.0
2013-07-11 11:00,24.5,1.5,94.0
2013-07-11 12:00,24.6,2.2,93.0
2013-07-11 13:00,24.8,1.9,89.0
2013-07-11 14:00,24.7,0.9,94.0
2013-07-11 15:00,24.7,2.2,92.0
2013-07-11 16:00,25.0,0.9,88.0
2013-07-11 17:00,24.9,0.8,92.0
2013-07-11 18:00,24.2,3.7,95.0
2013-07-11 19:00,24.1,0.5,96.0
2013-07-11 20:00,24.3,1.0,96.0
2013-07-11 21:00,24.6,1.4,92.0
2013-07-11 22:00,24.5,1.0,94.0
2013-07-11 23:00,24.8,2.3,87.0
2013-07-12 0:00,24.9,2.2,85.0
2013-07-12 1:00,24.9,1.9,85.0
2013-07-12 2:00,24.8,2.3,84.0
2013-07-12 3:00,24.7,3.0,83.0
2013-07-12 4:00,24.7,3.8,81.0
2013-07-12 5:00,24.4,2.4,82.0
2013-07-12 6:00,23.3,1.0,92.0
2013-07-12 7:00,23.1,2.1,88.0
2013-07-12 8:00,23.4,3.7,84.0
2013-07-12 9:00,23.4,3.0,87.0
2013-07-12 10:00,23.7,2.8,84.0
2013-07-12 11:00,23.8,3.3,86.0
2013-07-12 12:00,23.7,1.7,88.0
2013-07-12 13:00,23.7,1.8,87.0
2013-07-12 14:00,23.5,2.2,91.0
2013-07-12 15:00,23.5,1.9,92.0
2013-07-12 16:00,23.7,3.4,90.0
2013-07-12 17:00,23.7,2.4,91.0
2013-07-12 18:00,23.6,2.8,92.0
2013-07-12 19:00,23.6,3.4,92.0
2013-07-12 20:00,23.6,2.3,92.0
2013-07-12 21:00,23.5,1.6,93.0
2013-07-12 22:00,23.4,1.7,94.0
2013-07-12 23:00,23.4,2.2,93.0
2013-07-13 0:00,23.2,0.8,95.0
2013-07-13 1:00,23.2,0.1,96.0
2013-07-13 2:00,23.1,0.6,96.0
2013-07-13 3:00,23.2,2.1,92.0
2013-07-13 4:00,22.9,2.2,93.0
2013-07-13 5:00,22.6,1.2,93.0
2013-07-13 6:00,22.4,1.1,94.0
2013-07-13 7:00,22.4,0.9,94.0
2013-07-13 8:00,22.6,0.3,95.0
2013-07-13 9:00,22.7,0.9,94.0
2013-07-13 10:00,22.7,0.5,96.0
2013-07-13 11:00,22.4,0.8,95.0
2013-07-13 12:00,21.5,0.6,95.0
2013-07-13 13:00,21.6,1.1,93.0
2013-07-13 14:00,22.0,0.6,92.0
2013-07-13 15:00,22.5,0.2,87.0
2013-07-13 16:00,22.8,0.6,87.0
2013-07-13 17:00,23.2,0.7,87.0
2013-07-13 18:00,23.2,0.0,89.0
2013-07-13 19:00,23.1,0.5,94.0
2013-07-13 20:00,23.0,0.3,95.0
2013-07-13 21:00,22.7,0.8,96.0
2013-07-13 22:00,22.7,0.1,96.0
2013-07-13 23:00,22.4,0.4,96.0
2013-07-14 0:00,22.3,0.2,96.0
2013-07-14 1:00,22.3,0.4,96.0
2013-07-14 2:00,22.2,0.7,96.0
2013-07-14 3:00,22.3,0.4,96.0
2013-07-14 4:00,22.3,0.4,97.0
2013-07-14 5:00,22.4,0.5,97.0
2013-07-14 6:00,22.8,0.5,97.0
2013-07-14 7:00,24.1,2.3,90.0
2013-07-14 8:00,23.5,1.1,96.0
2013-07-14 9:00,22.8,1.1,96.0
2013-07-14 10:00,22.5,1.5,96.0
2013-07-14 11:00,22.4,0.5,96.0
2013-07-14 12:00,22.9,1.1,88.0
2013-07-14 13:00,23.2,0.2,83.0
2013-07-14 14:00,24.3,0.6,83.0
2013-07-14 15:00,24.7,0.8,84.0
2013-07-14 16:00,25.5,1.0,78.0
2013-07-14 17:00,25.5,1.2,81.0
2013-07-14 18:00,25.0,1.7,87.0
2013-07-14 19:00,24.7,1.0,89.0
2013-07-14 20:00,24.5,0.6,91.0
2013-07-14 21:00,24.0,0.2,94.0
2013-07-14 22:00,23.9,0.0,95.0
2013-07-14 23:00,23.7,0.2,94.0
2013-07-15 0:00,23.7,0.0,95.0
2013-07-15 1:00,23.6,1.3,96.0
2013-07-15 2:00,22.8,3.9,95.0
2013-07-15 3:00,22.0,0.1,96.0
2013-07-15 4:00,21.9,0.3,96.0
2013-07-15 5:00,21.6,0.8,96.0
2013-07-15 6:00,21.6,1.3,96.0
2013-07-15 7:00,21.6,0.6,96.0
2013-07-15 8:00,21.6,1.6,97.0
2013-07-15 9:00,21.8,0.2,96.0
2013-07-15 10:00,21.9,1.4,96.0
2013-07-15 11:00,21.9,2.5,96.0
2013-07-15 12:00,21.6,2.2,96.0
2013-07-15 13:00,21.5,1.4,96.0
2013-07-15 14:00,22.0,1.1,95.0
2013-07-15 15:00,22.8,0.8,86.0
2013-07-15 16:00,23.1,0.8,91.0
2013-07-15 17:00,23.2,1.0,89.0
2013-07-15 18:00,23.7,0.9,87.0
2013-07-15 19:00,23.5,0.4,91.0
2013-07-15 20:00,23.0,1.3,93.0
2013-07-15 21:00,22.7,0.5,95.0
2013-07-15 22:00,22.4,0.2,96.0
2013-07-15 23:00,22.3,0.1,96.0
2013-07-16 0:00,22.1,0.3,96.0
2013-07-16 1:00,22.1,0.0,96.0
2013-07-16 2:00,22.0,0.1,96.0
2013-07-16 3:00,22.0,0.8,96.0
2013-07-16 4:00,22.0,0.0,97.0
2013-07-16 5:00,22.0,0.0,97.0
2013-07-16 6:00,21.8,0.5,97.0
2013-07-16 7:00,22.0,0.0,97.0
2013-07-16 8:00,22.3,0.4,97.0
2013-07-16 9:00,23.3,0.7,94.0
2013-07-16 10:00,25.0,2.3,74.0
2013-07-16 11:00,26.3,2.6,69.0
2013-07-16 12:00,27.1,2.5,67.0
2013-07-16 13:00,27.7,2.1,62.0
2013-07-16 14:00,28.2,3.1,61.0
2013-07-16 15:00,28.6,2.7,59.0
2013-07-16 16:00,28.5,2.0,62.0
2013-07-16 17:00,27.7,1.0,67.0
2013-07-16 18:00,26.9,0.1,75.0
2013-07-16 19:00,26.3,0.0,89.0
2013-07-16 20:00,26.4,0.8,70.0
2013-07-16 21:00,26.8,2.3,63.0
2013-07-16 22:00,26.7,1.5,63.0
2013-07-16 23:00,26.0,1.8,68.0
2013-07-17 0:00,25.9,3.4,69.0
2013-07-17 1:00,25.8,4.0,68.0
2013-07-17 2:00,24.1,1.0,90.0
2013-07-17 3:00,23.0,3.1,92.0
2013-07-17 4:00,23.0,2.2,92.0
2013-07-17 5:00,23.0,0.5,94.0
2013-07-17 6:00,23.0,0.3,96.0
2013-07-17 7:00,23.6,1.4,89.0
2013-07-17 8:00,24.4,1.1,84.0
2013-07-17 9:00,25.3,1.7,79.0
2013-07-17 10:00,25.6,1.9,81.0
2013-07-17 11:00,26.1,2.0,77.0
2013-07-17 12:00,27.1,2.2,73.0
2013-07-17 13:00,27.7,2.6,69.0
2013-07-17 14:00,28.4,3.1,66.0
2013-07-17 15:00,28.5,3.2,65.0
2013-07-17 16:00,28.7,2.6,65.0
2013-07-17 17:00,28.8,3.2,65.0
2013-07-17 18:00,28.5,2.8,67.0
2013-07-17 19:00,27.5,3.1,73.0
2013-07-17 20:00,26.6,1.5,80.0
2013-07-17 21:00,25.9,1.3,82.0
2013-07-17 22:00,25.5,0.5,86.0
2013-07-17 23:00,24.8,0.0,91.0
2013-07-18 0:00,24.3,0.8,93.0
2013-07-18 1:00,23.7,0.9,95.0
2013-07-18 2:00,23.8,0.0,95.0
2013-07-18 3:00,23.5,0.2,94.0
2013-07-18 4:00,23.4,0.0,94.0
2013-07-18 5:00,23.3,0.3,95.0
2013-07-18 6:00,23.2,0.1,94.0
2013-07-18 7:00,23.4,0.1,93.0
2013-07-18 8:00,23.5,0.1,95.0
2013-07-18 9:00,23.7,0.0,95.0
2013-07-18 10:00,24.1,0.0,93.0
2013-07-18 11:00,23.7,0.3,96.0
2013-07-18 12:00,24.3,0.4,96.0
2013-07-18 13:00,24.6,0.6,94.0
2013-07-18 14:00,25.0,0.9,89.0
2013-07-18 15:00,24.8,1.0,91.0
2013-07-18 16:00,24.8,0.6,94.0
2013-07-18 17:00,24.9,0.0,94.0
2013-07-18 18:00,24.4,0.3,95.0
2013-07-18 19:00,24.8,0.3,91.0
2013-07-18 20:00,24.4,0.0,94.0
2013-07-18 21:00,24.0,0.0,96.0
2013-07-18 22:00,23.2,0.9,96.0
2013-07-18 23:00,23.0,0.0,97.0
2013-07-19 0:00,23.0,0.0,97.0
2013-07-19 1:00,23.0,0.0,97.0
2013-07-19 2:00,23.0,0.0,97.0
2013-07-19 3:00,22.9,0.4,97.0
2013-07-19 4:00,22.9,0.1,97.0
2013-07-19 5:00,22.9,0.0,97.0
2013-07-19 6:00,22.8,0.0,97.0
2013-07-19 7:00,23.0,0.3,97.0
2013-07-19 8:00,23.7,0.1,95.0
2013-07-19 9:00,25.1,0.9,79.0
2013-07-19 10:00,26.7,0.9,71.0
2013-07-19 19:00,28.1,0.2,81.0
2013-07-19 20:00,27.1,1.0,88.0
2013-07-19 21:00,26.0,0.8,93.0
2013-07-19 22:00,25.2,0.0,95.0
2013-07-19 23:00,24.4,0.0,95.0
2013-07-20 0:00,24.3,0.1,95.0
2013-07-20 1:00,23.6,0.0,96.0
2013-07-20 2:00,23.3,0.3,96.0
2013-07-20 3:00,22.8,0.3,97.0
2013-07-20 4:00,22.4,0.1,97.0
2013-07-20 5:00,22.3,0.1,97.0
2013-07-20 6:00,21.9,1.5,97.0
2013-07-20 7:00,22.3,0.0,97.0
2013-07-20 8:00,24.0,0.7,92.0
2013-07-20 9:00,26.1,1.9,70.0
2013-07-20 10:00,27.4,2.2,63.0
2013-07-20 11:00,27.7,1.9,62.0
2013-07-20 12:00,27.9,1.4,61.0
2013-07-20 13:00,28.9,1.8,61.0
2013-07-20 14:00,28.8,1.6,63.0
2013-07-20 15:00,29.6,1.7,59.0
2013-07-20 16:00,30.4,1.8,57.0
2013-07-20 17:00,30.0,2.1,56.0
2013-07-20 18:00,29.4,1.7,57.0
2013-07-20 19:00,28.6,0.8,62.0
2013-07-20 20:00,28.0,0.9,66.0
2013-07-20 21:00,27.4,0.9,68.0
2013-07-20 22:00,26.7,0.9,73.0
2013-07-20 23:00,26.9,1.5,71.0
2013-07-21 0:00,26.9,2.3,70.0
2013-07-21 1:00,26.6,2.6,74.0
2013-07-21 2:00,26.3,2.6,73.0
2013-07-21 3:00,26.0,3.0,76.0
2013-07-21 4:00,25.9,3.1,75.0
2013-07-21 5:00,25.0,2.5,88.0
2013-07-21 6:00,24.5,3.6,87.0
2013-07-21 7:00,24.5,2.9,87.0
2013-07-21 8:00,24.7,2.0,84.0
2013-07-21 9:00,25.3,2.3,80.0
2013-07-21 10:00,25.7,2.4,78.0
2013-07-21 11:00,26.1,2.3,78.0
2013-07-21 12:00,26.4,2.0,77.0
2013-07-21 13:00,26.8,1.8,76.0
2013-07-21 14:00,27.1,1.8,79.0
2013-07-21 15:00,26.2,1.0,92.0
2013-07-21 16:00,26.7,1.0,88.0
2013-07-21 17:00,27.1,1.8,83.0
2013-07-21 18:00,27.4,1.0,79.0
2013-07-21 19:00,27.2,1.2,80.0
2013-07-21 20:00,26.8,1.6,80.0
2013-07-21 21:00,26.4,0.4,87.0
2013-07-21 22:00,26.0,0.0,92.0
2013-07-21 23:00,26.1,1.5,84.0
2013-07-22 0:00,25.3,0.1,94.0
2013-07-22 1:00,25.4,0.0,92.0
2013-07-22 2:00,25.2,0.0,93.0
2013-07-22 3:00,24.7,0.2,96.0
2013-07-22 4:00,24.6,0.0,96.0
2013-07-22 5:00,24.6,0.0,96.0
2013-07-22 6:00,24.2,0.0,96.0
2013-07-22 7:00,24.4,0.0,96.0
2013-07-22 8:00,24.6,0.0,96.0
2013-07-22 9:00,24.9,0.0,95.0
2013-07-22 10:00,25.1,0.7,92.0
2013-07-22 11:00,24.7,1.9,89.0
2013-07-22 12:00,24.0,0.1,95.0
2013-07-22 13:00,23.8,0.7,96.0
2013-07-22 14:00,24.1,0.9,96.0
2013-07-22 15:00,25.3,1.4,85.0
2013-07-22 16:00,26.5,1.4,80.0
2013-07-22 17:00,27.1,0.8,79.0
2013-07-22 18:00,26.1,0.0,91.0
2013-07-22 19:00,25.6,0.0,93.0
2013-07-22 20:00,25.3,0.0,95.0
2013-07-22 21:00,25.2,0.1,96.0
2013-07-22 22:00,24.8,1.3,96.0
2013-07-22 23:00,24.7,0.0,96.0
2013-07-23 0:00,24.6,0.4,96.0
2013-07-23 1:00,24.6,0.0,96.0
2013-07-23 2:00,24.5,0.4,96.0
2013-07-23 3:00,24.5,0.1,96.0
2013-07-23 4:00,24.4,0.0,96.0
2013-07-23 5:00,24.2,1.4,96.0
2013-07-23 6:00,24.1,0.0,96.0
2013-07-23 7:00,24.2,0.0,96.0
2013-07-23 8:00,24.5,0.0,93.0
2013-07-23 9:00,25.2,0.5,87.0
2013-07-23 10:00,25.1,0.4,90.0
2013-07-23 11:00,24.7,1.0,93.0
2013-07-23 12:00,24.9,0.3,94.0
2013-07-23 13:00,25.1,0.7,91.0
2013-07-23 14:00,25.0,0.2,95.0
2013-07-23 15:00,24.7,3.2,93.0
2013-07-23 16:00,25.2,1.4,90.0
2013-07-23 17:00,25.7,1.3,89.0
2013-07-23 18:00,26.2,1.9,85.0
2013-07-23 19:00,26.1,1.6,86.0
2013-07-23 20:00,26.1,2.0,85.0
2013-07-23 21:00,26.1,2.6,86.0
2013-07-23 22:00,26.3,2.9,83.0
2013-07-23 23:00,26.3,2.4,82.0
2013-07-24 0:00,26.3,2.2,82.0
2013-07-24 1:00,26.1,1.7,80.0
2013-07-24 2:00,26.4,3.5,77.0
2013-07-24 3:00,26.4,3.1,78.0
2013-07-24 4:00,26.3,3.7,79.0
2013-07-24 5:00,25.4,3.3,87.0
2013-07-24 6:00,25.4,3.8,83.0
2013-07-24 7:00,24.7,2.0,88.0
2013-07-24 8:00,24.7,3.2,86.0
2013-07-24 9:00,25.0,2.5,81.0
2013-07-24 10:00,24.9,1.7,81.0
2013-07-24 11:00,25.4,2.9,76.0
2013-07-24 12:00,26.3,2.8,71.0
2013-07-24 13:00,27.5,3.4,62.0
2013-07-24 14:00,27.8,2.5,60.0
2013-07-24 15:00,28.3,1.9,59.0
2013-07-24 16:00,28.7,2.7,59.0
2013-07-24 17:00,28.5,2.7,60.0
2013-07-24 18:00,28.1,3.1,61.0
2013-07-24 19:00,27.4,1.8,64.0
2013-07-24 20:00,26.1,2.3,67.0
2013-07-24 21:00,25.1,2.5,65.0
2013-07-24 22:00,24.3,2.2,69.0
2013-07-24 23:00,24.0,2.4,68.0
2013-07-25 0:00,23.7,2.0,72.0
2013-07-25 1:00,23.4,1.9,75.0
2013-07-25 2:00,23.2,1.9,75.0
2017-07-01 13:00,28.4,2.3,61.0
2017-07-01 14:00,29.6,2.5,54.0
2017-07-01 15:00,29.6,2.8,52.0
2017-07-01 16:00,29.8,3.1,49.0
2017-07-01 17:00,29.6,2.2,51.0
2017-07-01 18:00,29.2,1.9,55.0
2017-07-01 19:00,28.2,2.9,64.0
2017-07-01 20:00,26.7,2.8,71.0
2017-07-01 21:00,25.7,3.8,79.0
2017-07-01 22:00,24.9,1.7,84.0
2017-07-01 23:00,24.3,2.2,92.0
2017-07-02 00:00,23.4,1.5,100.0
2017-07-02 01:00,23.3,0.9,100.0
2017-07-02 02:00,23.3,0.7,100.0
2017-07-02 03:00,23.3,0.2,100.0
2017-07-02 04:00,23.4,0.9,100.0
2017-07-02 05:00,23.2,1.5,100.0
2017-07-02 06:00,23.1,0.3,100.0
2017-07-02 07:00,23.2,0.6,100.0
2017-07-02 08:00,23.7,0.4,100.0
2017-07-02 09:00,24.3,1.0,100.0
2017-07-02 10:00,24.4,0.8,100.0
2017-07-02 11:00,24.2,0.2,100.0
2017-07-02 12:00,25.4,1.7,99.0
2017-07-02 13:00,24.4,1.9,100.0
2017-07-02 14:00,24.1,0.7,100.0
2017-07-02 15:00,24.6,0.2,100.0
2017-07-02 16:00,25.4,1.2,99.0
2017-07-02 17:00,25.1,0.7,100.0
2017-07-02 18:00,25.3,1.2,98.0
2017-07-02 19:00,25.4,0.6,100.0
2017-07-02 20:00,25.3,0.2,100.0
2017-07-02 21:00,24.6,0.7,98.0
2017-07-02 22:00,24.1,2.0,100.0
2017-07-02 23:00,23.6,2.1,97.0
2017-07-03 00:00,22.7,2.3,100.0
2017-07-03 01:00,22.4,1.7,100.0
2017-07-03 02:00,22.3,0.9,100.0
2017-07-03 03:00,22.2,0.6,100.0
2017-07-03 04:00,22.2,1.0,100.0
2017-07-03 05:00,22.3,1.7,100.0
2017-07-03 06:00,22.4,1.7,100.0
2017-07-03 07:00,22.4,0.3,100.0
2017-07-03 08:00,22.7,0.2,100.0
2017-07-03 09:00,23.3,0.5,100.0
2017-07-03 10:00,25.0,1.4,94.0
2017-07-03 11:00,26.0,2.3,84.0
2017-07-03 12:00,26.8,2.4,82.0
2017-07-03 13:00,27.3,2.5,75.0
2017-07-03 14:00,27.4,2.2,75.0
2017-07-03 15:00,27.9,2.6,73.0
2017-07-03 16:00,27.7,1.9,72.0
2017-07-03 17:00,27.4,2.2,73.0
2017-07-03 18:00,27.1,1.7,82.0
2017-07-03 19:00,26.7,2.6,77.0
2017-07-03 20:00,26.1,1.9,80.0
2017-07-03 21:00,25.9,2.2,82.0
2017-07-03 22:00,24.4,2.1,99.0
2017-07-03 23:00,23.6,0.8,100.0
2017-07-04 00:00,23.5,0.2,100.0
2017-07-04 01:00,23.4,0.2,100.0
2017-07-04 02:00,23.5,0.4,100.0
2017-07-04 03:00,23.4,0.3,100.0
2017-07-04 04:00,23.4,0.1,100.0
2017-07-04 05:00,23.4,0.5,100.0
2017-07-04 06:00,23.4,0.0,100.0
2017-07-04 07:00,23.7,0.9,100.0
2017-07-04 08:00,24.2,0.9,98.0
2017-07-04 09:00,25.4,0.6,87.0
2017-07-04 10:00,26.2,0.8,78.0
2017-07-04 11:00,27.9,1.1,64.0
2017-07-04 12:00,29.2,1.6,60.0
2017-07-04 13:00,30.3,1.9,54.0
2017-07-04 14:00,31.4,1.6,54.0
2017-07-04 15:00,31.9,1.7,52.0
2017-07-04 16:00,28.1,3.3,70.0
2017-07-04 17:00,30.3,1.3,68.0
2017-07-04 18:00,30.9,1.3,61.0
2017-07-04 19:00,29.0,1.9,69.0
2017-07-04 20:00,27.9,0.4,74.0
2017-07-04 21:00,27.2,0.5,75.2
2017-07-04 22:00,26.3,1.6,78.0
2017-07-04 23:00,25.5,1.4,80.0
2017-07-05 00:00,25.1,0.4,87.0
2017-07-05 01:00,24.6,0.3,91.0
2017-07-05 02:00,23.9,0.8,95.0
2017-07-05 03:00,23.6,1.4,98.0
2017-07-05 04:00,23.2,0.7,99.0
2017-07-05 05:00,23.2,1.2,99.0
2017-07-05 06:00,23.4,1.7,98.0
2017-07-05 07:00,23.7,0.9,91.0
2017-07-05 08:00,24.9,0.9,84.0
2017-07-05 09:00,26.1,0.5,78.0
2017-07-05 10:00,27.6,1.3,68.0
2017-07-14 16:00,33.2,3.9,59.0
2017-07-14 17:00,31.8,4.1,63.0
2017-07-14 18:00,26.8,1.2,96.0
2017-07-14 19:00,26.6,1.1,91.0
2017-07-14 20:00,26.2,1.5,94.0
2017-07-14 21:00,25.9,1.9,92.0
2017-07-14 22:00,25.5,0.7,92.0
2017-07-14 23:00,25.1,0.7,99.0
2017-07-15 00:00,24.7,0.7,96.0
2017-07-15 01:00,24.5,0.7,100.0
2017-07-15 02:00,24.2,0.8,100.0
2017-07-15 03:00,24.1,0.9,100.0
2017-07-15 04:00,24.3,0.3,100.0
2017-07-15 05:00,24.2,0.6,100.0
2017-07-15 06:00,24.2,0.2,100.0
2017-07-15 07:00,24.4,0.5,100.0
2017-07-15 08:00,24.1,1.6,100.0
2017-07-15 09:00,25.0,1.4,92.0
2017-07-15 10:00,25.5,1.7,88.0
2017-07-15 11:00,25.9,0.7,85.0
2017-07-15 12:00,26.0,1.2,89.0
2017-07-15 13:00,27.0,1.4,83.0
2017-07-15 14:00,27.6,2.5,84.0
2017-07-15 15:00,27.5,1.8,82.0
2017-07-15 16:00,27.8,2.7,83.0
2017-07-15 17:00,27.1,1.7,88.0
2017-07-15 18:00,27.2,2.2,86.0
2017-07-15 19:00,26.3,2.1,89.0
2017-07-15 20:00,25.7,2.1,92.0
2017-07-15 21:00,25.6,1.4,91.0
2017-07-15 22:00,25.6,1.4,90.0
2017-07-15 23:00,25.3,1.0,95.0
2017-07-16 00:00,25.1,1.8,93.0
2017-07-16 01:00,24.7,2.6,93.0
2017-07-16 02:00,24.2,1.3,95.0
2017-07-16 03:00,24.0,0.4,97.0
2017-07-16 04:00,23.8,0.8,99.0
2017-07-16 05:00,23.4,1.0,100.0
2017-07-16 06:00,23.6,0.2,100.0
2017-07-16 07:00,23.5,0.5,100.0
2017-07-16 08:00,23.6,0.4,100.0
2017-07-16 09:00,24.3,0.2,98.0
2017-07-16 10:00,25.2,1.7,93.0
2017-07-16 11:00,26.1,1.5,86.0
2017-07-16 12:00,27.0,2.0,79.0
2017-07-16 13:00,27.9,1.3,77.0
2017-07-16 14:00,28.3,1.6,77.0
2017-07-16 15:00,28.5,2.8,76.0
2017-07-16 16:00,28.6,1.5,73.0
2017-07-16 17:00,28.5,1.7,75.0
2017-07-16 18:00,28.3,1.1,77.0
2017-07-16 19:00,27.9,2.1,79.0
2017-07-16 20:00,27.3,2.5,85.0
2017-07-16 21:00,26.9,1.5,86.0
2017-07-16 22:00,26.6,1.4,86.0
2017-07-16 23:00,26.4,1.9,87.0
2017-07-17 00:00,26.3,0.6,88.0
2017-07-17 01:00,26.1,0.9,89.0
2017-07-17 02:00,26.0,1.0,89.0
2017-07-17 03:00,25.4,0.7,99.0
2017-07-17 04:00,25.1,0.1,100.0
2017-07-17 05:00,24.8,0.2,100.0
2017-07-17 06:00,24.5,0.5,100.0
2017-07-17 07:00,25.1,0.4,98.0
2017-07-17 08:00,25.7,0.4,93.0
2017-07-17 09:00,27.5,1.8,79.0
2017-07-17 10:00,28.0,1.4,77.0
2017-07-17 11:00,28.1,1.9,76.0
2017-07-17 12:00,28.4,2.0,75.0
2017-07-17 13:00,28.3,2.8,78.0
2017-07-17 14:00,28.4,1.2,76.0
2017-07-17 15:00,29.0,1.0,70.0
2017-07-17 16:00,29.7,2.0,69.0
2017-07-17 17:00,29.8,1.6,71.0
2017-07-17 18:00,29.2,2.6,73.0
2017-07-17 19:00,28.5,1.5,73.0
2017-07-17 20:00,27.6,1.8,76.0
2017-07-17 21:00,27.0,1.2,80.0
2017-07-17 22:00,26.5,1.2,85.0
2017-07-17 23:00,25.9,1.1,82.0
2017-07-18 00:00,25.5,1.0,85.0
2017-07-18 01:00,25.3,0.7,85.0
2017-07-18 02:00,25.1,0.5,93.0
2017-07-18 03:00,24.5,0.7,99.0
2017-07-18 04:00,24.4,1.8,96.0
2017-07-18 05:00,24.4,0.6,98.0
2017-07-18 06:00,24.4,0.9,100.0
2017-07-18 07:00,24.5,0.0,98.0
2017-07-18 08:00,25.2,0.7,93.0
2017-07-18 09:00,25.9,1.4,87.0
2017-07-18 10:00,26.4,1.6,85.0
2017-07-18 11:00,27.6,1.7,77.0
2017-07-18 12:00,28.4,1.6,74.0
2017-07-18 13:00,29.7,1.9,68.0
2017-07-18 14:00,29.6,1.8,71.0
2017-07-18 15:00,30.0,2.0,69.0
2017-07-18 16:00,30.1,2.5,68.0
2017-07-18 17:00,29.9,2.1,70.0
2017-07-18 18:00,29.8,2.5,72.0
2017-07-18 19:00,29.1,1.9,76.0
2017-07-18 20:00,28.4,0.6,80.0
2017-07-18 21:00,27.4,0.6,92.0
2017-07-18 22:00,26.6,0.6,99.0
2018-07-01 06:00,21.8,1.3,100.0
2018-07-01 07:00,21.8,0.9,100.0
2018-07-01 08:00,21.9,0.5,100.0
2018-07-01 09:00,22.1,0.6,100.0
2018-07-01 10:00,22.2,0.8,100.0
2018-07-01 11:00,21.8,0.5,100.0
2018-07-01 12:00,21.7,0.9,100.0
2018-07-01 13:00,21.9,0.3,100.0
2018-07-01 14:00,22.0,1.2,100.0
2018-07-01 15:00,22.4,1.0,100.0
2018-07-01 16:00,22.6,0.0,100.0
2018-07-01 17:00,22.8,0.2,100.0
2018-07-01 18:00,22.9,1.1,100.0
2018-07-01 19:00,22.6,0.2,100.0
2018-07-01 20:00,22.4,0.3,100.0
2018-07-01 21:00,22.2,0.6,100.0
2018-07-01 22:00,22.2,0.0,100.0
2018-07-01 23:00,22.1,0.6,100.0
2018-07-02 00:00,21.8,0.8,100.0
2018-07-02 01:00,21.5,0.3,100.0
2018-07-02 02:00,21.5,0.7,100.0
2018-07-02 03:00,21.3,0.6,100.0
2018-07-02 04:00,21.1,1.0,100.0
2018-07-02 05:00,21.1,0.7,100.0
2018-07-02 06:00,21.1,0.3,100.0
2018-07-02 07:00,21.0,1.6,100.0
2018-07-02 08:00,21.2,0.4,100.0
2018-07-02 09:00,21.2,0.1,100.0
2018-07-02 10:00,21.5,0.5,100.0
2018-07-02 11:00,21.4,1.1,100.0
2018-07-02 12:00,21.8,0.7,100.0
2018-07-02 13:00,21.9,0.6,100.0
2018-07-02 14:00,22.0,0.5,100.0
2018-07-02 15:00,21.8,0.8,100.0
2018-07-02 16:00,22.3,0.4,100.0
2018-07-02 17:00,22.4,0.0,100.0
2018-07-02 18:00,22.2,1.1,100.0
2018-07-02 19:00,22.1,0.5,100.0
2018-07-02 20:00,22.3,0.0,100.0
2018-07-02 21:00,22.3,0.1,100.0
2018-07-02 22:00,22.4,0.5,100.0
2018-07-02 23:00,22.3,0.1,100.0
2018-07-03 00:00,22.3,0.6,100.0
2018-07-03 01:00,22.2,0.1,100.0
2018-07-03 02:00,22.2,0.2,100.0
2018-07-03 03:00,22.1,0.5,100.0
2018-07-03 04:00,22.0,0.5,100.0
2018-07-03 05:00,22.0,0.5,100.0
2018-07-03 06:00,22.1,0.2,100.0
2018-07-03 07:00,22.4,0.4,100.0
2018-07-03 08:00,23.3,1.1,100.0
2018-07-03 09:00,24.2,0.3,100.0
2018-07-03 10:00,25.2,1.2,89.0
2018-07-03 11:00,27.2,1.4,81.0
2018-07-03 12:00,28.5,1.3,71.0
2018-07-03 13:00,29.8,0.6,62.0
2018-07-03 14:00,28.0,1.3,75.0
2018-07-03 15:00,28.2,3.0,87.0
2018-07-03 16:00,27.9,0.7,82.0
2018-07-03 17:00,28.5,2.1,78.0
2018-07-03 18:00,28.9,2.2,74.0
2018-07-03 19:00,28.5,2.5,74.0
2018-07-03 20:00,27.6,0.7,75.0
2018-07-03 21:00,26.1,0.8,87.0
2018-07-03 22:00,25.3,1.3,92.0
2018-07-03 23:00,24.8,0.9,93.0
2018-07-04 00:00,24.4,1.3,91.0
2018-07-04 01:00,24.0,2.0,93.0
2018-07-04 02:00,23.6,1.1,95.0
2018-07-04 03:00,23.2,0.0,96.0
2018-07-04 04:00,22.9,0.5,95.0
2018-07-04 05:00,22.9,0.4,97.0
2018-07-04 06:00,23.1,0.4,93.0
2018-07-04 07:00,24.0,0.4,81.0
2018-07-04 08:00,25.5,0.4,76.0
2018-07-04 09:00,27.0,1.2,70.0
2018-07-04 10:00,27.4,0.7,67.0
2018-07-04 11:00,29.2,1.6,61.0
2018-07-04 12:00,29.8,1.4,59.0
2018-07-04 13:00,30.8,1.3,55.0
2018-07-04 14:00,31.0,1.8,56.0
2018-07-04 15:00,30.2,1.9,68.0
2018-07-04 16:00,30.5,1.5,64.0
2018-07-04 17:00,30.1,0.8,70.0
2018-07-04 18:00,28.7,1.9,68.0
2018-07-04 19:00,27.4,1.4,79.0
2018-07-04 20:00,26.5,1.0,88.0
2018-07-04 21:00,25.6,1.3,96.0
2018-07-04 22:00,25.1,1.5,89.0
2018-07-04 23:00,24.8,1.5,87.0
2018-07-05 00:00,24.5,2.3,85.0
2018-07-05 01:00,24.1,1.7,85.0
2018-07-05 02:00,23.7,1.7,84.0
2018-07-05 03:00,23.2,1.4,91.0
2018-07-05 04:00,22.9,1.8,89.0
2018-07-05 05:00,22.9,1.1,89.0
2018-07-05 06:00,23.0,0.8,88.0
2018-07-05 07:00,23.1,1.2,90.0
2018-07-05 08:00,22.7,0.4,98.0
2018-07-05 09:00,22.6,0.8,96.0
2018-07-05 10:00,22.9,2.3,93.0
2018-07-05 11:00,23.5,1.9,90.0
2018-07-05 12:00,24.6,2.0,84.0
2018-07-05 13:00,25.2,3.7,73.0
2018-07-05 14:00,25.9,3.3,72.0
2018-07-05 15:00,25.1,3.1,72.0
2018-07-05 16:00,25.1,2.3,72.0
2018-07-05 17:00,25.2,2.2,70.0
2018-07-05 18:00,24.9,3.1,69.0
2018-07-05 19:00,24.3,3.1,68.0
2018-07-05 20:00,23.8,2.4,68.0
2018-07-05 21:00,23.1,1.9,80.0
2018-07-05 22:00,22.7,1.4,78.0
2018-07-05 23:00,22.4,1.2,79.0
2018-07-06 00:00,21.9,1.8,81.0
2018-07-06 01:00,21.6,1.9,83.0
2018-07-06 02:00,20.4,1.6,97.0
2018-07-06 03:00,19.9,3.9,96.0
2018-07-06 04:00,19.8,3.5,94.0
2018-07-06 05:00,19.8,4.3,89.0
2018-07-06 06:00,19.8,3.0,85.0
2018-07-06 07:00,19.9,2.5,83.0
2018-07-06 08:00,20.3,2.6,81.0
2018-07-06 09:00,21.1,2.5,76.0
2018-07-06 10:00,22.4,2.9,70.0
2018-07-06 11:00,23.6,3.6,62.0
2018-07-06 12:00,24.7,3.6,58.0
2018-07-06 13:00,25.0,4.8,56.0
2018-07-06 14:00,25.5,4.5,55.0
2018-07-06 15:00,24.8,5.1,55.0
2018-07-06 16:00,25.1,4.6,55.0
2018-07-06 17:00,24.8,4.6,54.0
2018-07-06 18:00,23.8,3.8,57.0
2018-07-06 19:00,22.6,3.8,60.0
2018-07-06 20:00,21.7,4.3,61.0
2018-07-06 21:00,21.1,3.4,62.0
2018-07-06 22:00,20.7,3.8,62.0
2018-07-06 23:00,20.4,2.5,65.0
2018-07-07 00:00,20.0,2.5,66.0
2018-07-07 01:00,19.4,2.9,67.0
2018-07-07 02:00,19.0,2.2,67.0
2018-07-07 03:00,18.5,1.9,69.0
2018-07-07 04:00,18.2,2.7,69.0
2018-07-07 05:00,17.7,1.5,75.0
2018-07-07 06:00,17.7,1.3,74.0
2018-07-07 07:00,19.0,2.7,65.0
2018-07-07 08:00,20.3,2.5,61.0
2018-07-07 09:00,20.7,3.0,60.0
2018-07-07 10:00,21.5,3.5,58.0
2018-07-07 11:00,22.4,3.9,58.0
2018-07-07 12:00,22.8,4.6,56.0
2018-07-07 13:00,23.5,4.4,56.0
2018-07-07 14:00,23.4,4.4,56.0
2018-07-07 15:00,23.9,4.7,53.0
2018-07-07 16:00,23.8,4.4,55.0
2018-07-07 17:00,23.5,3.6,56.0
2018-07-07 18:00,23.2,3.4,56.0
2018-07-07 19:00,22.0,3.5,56.0
2018-07-07 20:00,20.0,2.3,61.0
2018-07-07 21:00,18.9,3.0,64.0
